_id,news_id,analyzed_at,priority,status,title,_source_database,queued_at,heat_level,trigger
6877e985197eef1076add838,b0744b9fb7b3d95b5a548eb73bd5a31e,2025-07-17T04:39:46.194128,normal,completed,网红：上海政府送了我200平房子,zhimo,,,
6877e985197eef1076add83a,ab3672523ed5833607213e4f8f2f22a2,2025-07-16T23:43:41.388637,normal,completed,警方通报3名高中生赴西双版纳后失联,zhimo,,,
6877e985197eef1076add83c,4b151964f0e263354b2f86aa33f95624,2025-07-17T04:39:50.452184,normal,completed,男婴离世家长获赔88万 律师拿走55万,zhimo,,,
6877e985197eef1076add83e,963b6dad26344d54adaf2cce95fea44f,2025-07-17T04:41:05.824521,normal,completed,父母代签孩子清华录取通知书时哭了,zhimo,,,
6877e985197eef1076add840,a6701ea65c51c1cef8d9a50aa23653ca,2025-07-17T04:39:46.196618,normal,completed,特斯拉新车Model Y L预计售价40万,zhimo,,,
6877e988197eef1076add843,5e50d68dfc140317c420743dfc56aa62,2025-07-17T04:39:46.187262,normal,completed,印度大规模猥亵事件478名男性被捕,zhimo,,,
6877e988197eef1076add845,55610deadc3a3c3f1a9efca62194a352,2025-07-16T23:39:42.995190,normal,completed,上海一面馆一碗面1588 收10%服务费,zhimo,,,
6877e988197eef1076add847,51b752211269ac4684a379ad06f3e190,2025-07-16T23:39:40.330943,normal,completed,中国女篮晋级亚洲杯四强,zhimo,,,
6877e988197eef1076add849,6f567358da9e3dcca574b15495b65728,2025-07-17T04:39:50.447956,normal,completed,官二代遛狗打人？成都辟谣,zhimo,,,
6877e988197eef1076add84b,433ff00e58ddec5f7804752950241ac9,2025-07-17T04:39:50.454935,normal,completed,#助力每一个缅北失联孩子回家#,zhimo,,,
6877e988197eef1076add84d,64947fe54ee8f8abfe6774f6b3493814,2025-07-16T23:40:40.897618,normal,completed,生父回应把孩子塞后备箱：不会道歉,zhimo,,,
6877e988197eef1076add84f,a5ffa4f08703a43b974cb57be2ec7b7f,2025-07-17T04:39:50.458715,normal,completed,前央视主持人全网寻跪继父坟前的他,zhimo,,,
6877e988197eef1076add851,12703b91d2c8beb99e07bc4a6fc82471,2025-07-16T23:39:42.979041,normal,completed,官方呼吁不要对16岁产妇二次伤害,zhimo,,,
6877e988197eef1076add853,8ab190c3ac507eca708cab341f0a41a5,2025-07-17T04:39:46.199787,normal,completed,警惕这些高温防暑误区,zhimo,,,
6877e988197eef1076add855,86c8fe8e8eb71310732b2dcdc3ce0b03,2025-07-16T23:39:40.342669,normal,completed,警察称能从缅甸捞人 已被纪监委带走,zhimo,,,
6877e9cf197eef1076add861,d59a292b928b6e54a2438f9fbb2aed12,2025-07-16T23:41:39.180684,normal,completed,吴英杰受贿3.43亿余元被判死缓,zhimo,,,
6877e9cf197eef1076add863,2d76f026498dc429fd9bc442e273d1fe,2025-07-17T04:39:50.449832,normal,completed,吴英杰一审被判死缓,zhimo,,,
6877e9cf197eef1076add865,d37017471da39be74987b33848f91623,2025-07-16T23:40:40.888032,normal,completed,黄杨钿甜手指别墅并非她家,zhimo,,,
6877e9cf197eef1076add867,a0c47d9197931f7acada907b4666be54,2025-07-16T23:41:39.193997,normal,completed,董璇曾为前夫高云翔历经超60次开庭,zhimo,,,
6877e9cf197eef1076add869,512bd2f64b8704b3eca689d59230fb11,2025-07-16T23:40:40.893259,normal,completed,董璇张维伊婚宴照曝光,zhimo,,,
6877e9cf197eef1076add86b,c09b3631288eb389da4f3aafa78366bd,2025-07-17T04:39:46.198329,normal,completed,男子寄107万元油卡遭快递员变卖,zhimo,,,
6877e9cf197eef1076add86d,1332fecbca44e6d52097159aea3da76a,2025-07-17T04:39:50.445290,normal,completed,#娃哈哈遗产大战让钟睒睒口碑翻盘#,zhimo,,,
6877e9cf197eef1076add86f,ea6d6c07f4a6fe60012430d1e0bfdbf3,2025-07-16T23:40:40.898862,normal,completed,中国女足0-0战平日本无缘东亚杯冠军,zhimo,,,
6877e9cf197eef1076add871,8b2a8ced7ba62c8067572281074b2308,2025-07-16T23:40:40.899958,normal,completed,以军称袭击叙政权军事总部入口,zhimo,,,
6877e9cf197eef1076add873,430dfb3950c7dbfc1cbe1ee397107909,2025-07-16T23:40:40.896248,normal,completed,19岁小伙陶喆赴柬埔寨失联 家属回应,zhimo,,,
6877ea2e197eef1076add87e,c98037b3b6374152c9fc3814bcad5abc,2025-07-16T23:41:39.191289,normal,completed,专家：052D强行“加入”菲巡航任务,zhimo,,,
6877ea2e197eef1076add880,cc48621bb1d26273ce45a51932863c14,2025-07-16T23:41:39.185387,normal,completed,803反诈真摇来胡歌了,zhimo,,,
6877ea2e197eef1076add882,0cfa829319361938fec9243759a1aeae,2025-07-17T04:39:50.460388,normal,completed,邱贻可回应争议,zhimo,,,
6877ea2e197eef1076add884,0157ed266e8ef944de37440275e6e182,2025-07-16T23:42:40.551229,normal,completed,英伟达H20回市场 但中国芯片已爆单,zhimo,,,
6877ea2e197eef1076add886,e93b9ef85007b0ac707cdad57ab0e3ca,2025-07-16T23:41:39.196761,normal,completed,乌战时状态再延长 中使馆提醒,zhimo,,,
6877ea2e197eef1076add888,038f8333b102f970b65038438db2573a,2025-07-17T04:39:50.457141,normal,completed,各地积极“战”高温保民生,zhimo,,,
6877ea2e197eef1076add88a,01d6d6a6ab5c59e65dbcb78c997e1e01,2025-07-17T04:39:50.461964,normal,completed,大范围高温仍处强盛时段,zhimo,,,
6877ea2e197eef1076add88c,f280eb438c30cef4a86162fc19e9baba,2025-07-16T23:41:39.195393,normal,completed,博主：朝鲜为俄争取了2-3个月的时间,zhimo,,,
6877ea2e197eef1076add88e,0a78e3c79898c3c48380e2b5e6f93dfa,2025-07-16T23:39:42.981625,normal,completed,维权获赔88万律师拿走55万是否合规,zhimo,,,
6877ea72197eef1076add89a,f9c05a0885e562543f58346e171042a7,2025-07-16T23:42:40.548304,normal,completed,亚洲杯中国女篮大胜新西兰,zhimo,,,
6877ea72197eef1076add89c,4042e1b312f0871e05ddda99792ba83d,2025-07-16T23:42:40.559887,normal,completed,京东回应外卖取消超时20分钟免单,zhimo,,,
6877ea72197eef1076add89e,8edf412f15c93b388e9f606aad8841e4,2025-07-16T23:42:40.553300,normal,completed,董璇张维伊带小酒窝参加友人婚礼,zhimo,,,
6877ea72197eef1076add8a0,4a72287e0d97a9bcbe7ce82c0f854727,2025-07-16T23:42:40.555606,normal,completed,中国女足0-0日本队 东亚杯无缘冠军,zhimo,,,
6877ea72197eef1076add8a2,4bd7249cdb299507bba26e1659a0fed6,2025-07-16T23:42:40.562234,normal,completed,黄仁勋中文演讲提了11家中国公司,zhimo,,,
6877ea72197eef1076add8a4,3d9625d3004cf3bf97405671a895eeae,2025-07-16T23:39:42.990577,normal,completed,已经期待云南的火把节了,zhimo,,,
6877ea72197eef1076add8a6,4808a0ace3d64cfbdc380123fd165080,2025-07-16T23:39:42.988444,normal,completed,天气越来越热？专家：是真的,zhimo,,,
6877ea72197eef1076add8a8,67f4b750d1bac49aa425ea7b4bb7c4d3,2025-07-16T23:39:42.993652,normal,completed,董璇官宣再婚后首现身,zhimo,,,
6877ea72197eef1076add8aa,19a96c1e23ff7b7eb6d8224c5da4c911,2025-07-16T23:42:40.564002,normal,completed,以列袭击叙政权总部及国防部门附近,zhimo,,,
6877ea72197eef1076add8ac,eba3092652bb069d7b6e33c6a15da6f9,2025-07-16T23:39:42.992330,normal,completed,向佐工作室回应欠赌债传闻,zhimo,,,
6877eaab197eef1076add8b4,7da1711df6515f51d1f1bb399f84a712,2025-07-17T04:39:50.463255,normal,completed,扫毒风暴卢天赐意外下线,zhimo,,,
6877eaab197eef1076add8b6,964ee7a941c13eef3b9456166015fd69,2025-07-16T23:43:41.375574,normal,completed,全国最大电力负荷今日再创历史新高,zhimo,,,
6877eaab197eef1076add8b8,72ad1003135b8b04b67e687f2a820544,2025-07-16T23:42:40.566903,normal,completed,东亚杯中国女足0:0日本,zhimo,,,
6877eaab197eef1076add8ba,bc9bc43600b99b4c43c9bc4fd039e825,2025-07-16T23:42:40.565473,normal,completed,开拓者胜鹈鹕 杨瀚森砍15分,zhimo,,,
6877eaab197eef1076add8bc,1549a0d173d3715c5560e006a95942be,2025-07-16T23:39:42.983975,normal,completed,谁能拒绝夏日的一口酸,zhimo,,,
6877eaab197eef1076add8be,7e98e7d48328629dd9400b6a674f7fa6,2025-07-16T23:39:42.996536,normal,completed,商场一男子跪地爬行女子骑背直播,zhimo,,,
6878392dffab9e1dfdff09d8,62f06a4614e05f6c58c1ca823a7b06c8,2025-07-16T23:43:41.368410,normal,completed,生父回应让男孩坐后备箱：不会道歉,zhimo,,,
6878392dffab9e1dfdff09da,b89c274a64ae5f012e943ac3101c4d72,2025-07-16T23:43:41.380451,normal,completed,男子妙改俩屋共用1台“转体空调”,zhimo,,,
6878392dffab9e1dfdff09dc,4772fcd66d715c13e3ffa28ff4a83f2e,2025-07-16T23:43:41.382349,normal,completed,男子租房陪读发现33年前用的课桌,zhimo,,,
6878392dffab9e1dfdff09de,dc7cf2d902b8a3385d9d1536e2a5f915,2025-07-16T23:43:41.384012,normal,completed,多地报高中生暑假到云南后失联,zhimo,,,
6878392dffab9e1dfdff09e0,9689962439ad1a2d0c323a1ed38aa122,2025-07-16T23:43:41.389812,normal,completed,12年同窗的同学又同被国防科大录取,zhimo,,,
68783964ffab9e1dfdff09e4,287619793be4e39850184306c153084e,2025-07-17T04:41:05.821459,normal,completed,实拍壮观瑰丽的大国重器,zhimo,,,
68783964ffab9e1dfdff09e6,6488d40b193672c1404e988bcc9f30c5,2025-07-16T23:44:36.637803,normal,completed,网络身份证正式启用,zhimo,,,
68787ee1ffab9e1dfdff0a11,5b5038258272aa04d6ce245072eb1cc0,2025-07-17T04:41:05.806476,normal,completed,韩红现场叫停录制说要对观众负责,zhimo,,,
68787ee1ffab9e1dfdff0a13,23a6173511b0f9c7c57a4dec2c5eb7c6,2025-07-17T14:39:20.720482,normal,completed,某科技公司未落实网安保护义务被罚,zhimo,,,
68787ee1ffab9e1dfdff0a15,7fb0aaa7fe6f629c66d4f7cb13acd904,2025-07-17T09:39:45.910870,normal,completed,印航机长关闭燃油开关或直接导致坠机,zhimo,,,
68787ee1ffab9e1dfdff0a17,809255dd45eb029a6d44bf24827d925c,2025-07-17T04:41:05.817647,normal,completed,高温热浪来袭！局地体感温度超45℃,zhimo,,,
68787ee1ffab9e1dfdff0a19,cb41dc7b1f4042c768ca3b0b77769ec3,2025-07-17T04:41:05.819761,normal,completed,特朗普“顺走”世俱杯冠军奖牌,zhimo,,,
68787ee1ffab9e1dfdff0a1b,4277d985d65c7cf17e2a4759a17b243c,2025-07-17T09:39:45.924494,normal,completed,特朗普发出威胁后 普京首次公开露面,zhimo,,,
68787ee1ffab9e1dfdff0a1d,c3d87aafb0b15efcdef97ba53b7c775a,2025-07-17T04:41:05.825761,normal,completed,美国阿拉斯加沿海发生7.3级地震,zhimo,,,
68787ee1ffab9e1dfdff0a1f,ffd11af48553f370aff1e1d118e7c647,2025-07-17T09:39:45.927617,normal,completed,伊朗外长：感谢中方,zhimo,,,
68787f25ffab9e1dfdff0a28,52e5b1ee3ee1f843ff6fe5024bc91811,2025-07-17T04:42:13.896099,normal,completed,乌总理辞职将转任国防部长,zhimo,,,
68787f25ffab9e1dfdff0a2a,564f0bed17f5b9b043fdce75f36ead12,2025-07-17T04:42:13.899060,normal,completed,媒体评男孩与亲爸后妈远行坐后备箱,zhimo,,,
68787f25ffab9e1dfdff0a2c,5ff66ad99aaa3ed08a9c2ad521a1dd43,2025-07-17T04:42:13.901404,normal,completed,网红钟美美再谈被家暴,zhimo,,,
68787f25ffab9e1dfdff0a2e,cc4fe41404be9cda1847403ad73ca436,2025-07-17T04:42:13.904419,normal,completed,乌总理辞职,zhimo,,,
68787f25ffab9e1dfdff0a30,ed17c8e615cd18c3e4f77498971241a7,2025-07-17T04:42:13.906948,normal,completed,美阿拉斯加州海啸警报响起 民众避难,zhimo,,,
68787f25ffab9e1dfdff0a32,054734ca73852cbee46c0680031eacfd,2025-07-17T04:42:13.908693,normal,completed,女童患病要求退年卡 景区捐款,zhimo,,,
68787f25ffab9e1dfdff0a34,f7b8fa62a5fc1dec357e2633071bda0e,2025-07-17T04:42:13.910427,normal,completed,特朗普称解雇鲍威尔“可能性极低”,zhimo,,,
68787f25ffab9e1dfdff0a36,33598af220cdfbe7382dd6def7ea3f0e,2025-07-17T04:42:13.911998,normal,completed,特朗普“50天最后通牒”引猜测,zhimo,,,
68787f25ffab9e1dfdff0a38,96563584286358d88ffd57862c738441,2025-07-17T09:39:45.930305,normal,completed,警察称能从缅甸捞人 骗取18万后被抓,zhimo,,,
68787f25ffab9e1dfdff0a3a,994c3fd8f8a36fb399cf3d6c7e301a23,2025-07-17T04:42:13.914508,normal,completed,马斯克与特朗普争执后更换手机号,zhimo,,,
68787f64ffab9e1dfdff0a46,801d66356d05b58e195066599083f2c8,2025-07-17T04:43:16.944051,normal,completed,约基奇中国行,zhimo,,,
68787f64ffab9e1dfdff0a48,a2208a10976f7dbcc17603dab3bd7965,2025-07-17T04:43:16.945754,normal,completed,手搓二级水火箭并发射成功,zhimo,,,
68787f64ffab9e1dfdff0a4a,f62299eac553232038d3096bdef001d7,2025-07-17T09:39:45.913387,normal,completed,薛之谦连续七年生日发歌,zhimo,,,
68787f64ffab9e1dfdff0a4c,b1812dca3dcedd9151ec58dee5b4d63d,2025-07-17T04:43:16.948686,normal,completed,人生时刻之晒出录取通知书,zhimo,,,
68787f64ffab9e1dfdff0a4e,5490ab79bf06c15a5f5d668f7ee3317e,2025-07-17T04:43:16.949908,normal,completed,胡塞武装称袭击以色列多处目标,zhimo,,,
68787f64ffab9e1dfdff0a50,c9ab4215ad33e6a69fc831dad052890a,2025-07-17T04:43:16.951229,normal,completed,中方回应北约威胁对中国等二级制裁,zhimo,,,
68787f64ffab9e1dfdff0a52,db8c9416309e85d9226c9e497939d493,2025-07-17T09:39:45.929010,normal,completed,男子过安检被拦怒砸充电宝瞬间起火,zhimo,,,
68787f64ffab9e1dfdff0a54,9179936d6aecdff6a64df409e3fd72f8,2025-07-17T04:43:16.953447,normal,completed,以军袭击叙国防部大楼有何目的,zhimo,,,
68787f64ffab9e1dfdff0a56,00ad64651b82e3ba4d6e8c098b0d5266,2025-07-17T09:39:45.920905,normal,completed,北约秘书长威胁制裁巴西中国印度,zhimo,,,
68787f64ffab9e1dfdff0a58,425a2a5e8f4e13c6214677f463b6283f,2025-07-17T04:43:16.955649,normal,completed,日本主帅有信心赢中国,zhimo,,,
68787fa5ffab9e1dfdff0a5f,e02fea5c7c39f1d763b282792081322b,2025-07-17T04:44:21.591237,normal,completed,女童患病 景区捐许愿池硬币和5万元,zhimo,,,
68787fa5ffab9e1dfdff0a61,52a29acfa04a7ad8b87951264178b0a5,2025-07-17T04:44:21.595349,normal,completed,美国阿拉斯加海域7.3级地震,zhimo,,,
68787fa5ffab9e1dfdff0a63,ed7242faa03fcde55fe26bf8fc67e6a3,2025-07-17T04:44:21.598560,normal,completed,中塞两军将首次进行联训意味什么,zhimo,,,
68787fa5ffab9e1dfdff0a65,496b87efe646e7bb3bddcc277248ef99,2025-07-17T04:44:21.600578,normal,completed,姐弟博主联动可以多有梗,zhimo,,,
68787fa5ffab9e1dfdff0a67,ec4023da43a41e85fe59bbfaaafe58d3,2025-07-17T04:44:21.602635,normal,completed,Model Y L秋季发布,zhimo,,,
6878c4d4ffab9e1dfdff0a9a,0026e9249e27f084b7d55cfe956f0f61,2025-07-17T09:39:32.755131,normal,completed,游客进入丽江古城要交钱了,zhimo,,,
6878c4d4ffab9e1dfdff0a9c,18a5aa5cb9eda068ae1e5089992471eb,2025-07-17T09:39:32.758295,normal,completed,为何说中国在“链”接世界,zhimo,,,
6878c4d4ffab9e1dfdff0a9e,93ab87133dc8a5dd3e52484056068260,2025-07-17T09:39:32.760228,normal,completed,“欠薪擦边违约” 年轻人困在团播里,zhimo,,,
6878c4d4ffab9e1dfdff0aa0,b2b6013101c2f1b6d3a4f5279556deb8,2025-07-17T09:39:32.762111,normal,completed,体检10年未提示风险 查出癌症晚期,zhimo,,,
6878c4d4ffab9e1dfdff0aa2,27a9ed793f3d069925329f880a25a9ba,2025-07-17T09:39:32.765199,normal,completed,京沪高速上两车相撞起火 多车燃烧,zhimo,,,
6878c4e1ffab9e1dfdff0aa5,f14438935f1908dc282b5503fc3e56ef,2025-07-17T09:39:45.916400,normal,completed,最新！你的工资不能少于这个数,zhimo,,,
6878c4e1ffab9e1dfdff0aa7,6935d146e7cfc50f6b464fa3bdf57e71,2025-07-17T09:39:45.923141,normal,completed,杭州就娃哈哈事件成立专班,zhimo,,,
6878e51effab9e1dfdff0aab,ed4f037edb471de47e65cc43e5b1c2c9,2025-07-17T11:57:18.517521,normal,completed,特朗普宣布终止加州高铁联邦资助,zhimo,,,
6878e51effab9e1dfdff0aad,9827d3c820eef18f6f5f03665d1bcb31,2025-07-17T14:39:16.518716,normal,completed,游客逗牛反被牛群踩踏 管委会回应,zhimo,,,
6878e51effab9e1dfdff0aaf,f1a79dd36e55af246aa3b26c08b64476,2025-07-17T14:39:20.728820,normal,completed,游客逗牛遭围攻踩踏：喂牛肉干敲屁股,zhimo,,,
6878e51effab9e1dfdff0ab1,699439870739552c420c652754a22ed9,2025-07-17T14:39:20.732184,normal,completed,中联重科回应工装男子别停摩托车,zhimo,,,
6878e51effab9e1dfdff0ab3,dd3d8c82132393fd059eb067d9356b58,2025-07-17T11:57:18.524832,normal,completed,爱康国宾回应体检10年未出癌症预警,zhimo,,,
6878e51effab9e1dfdff0ab5,c97fb0a0e90a0d750ef85868456e5a49,2025-07-17T11:57:18.525705,normal,completed,防晒口罩越戴越容易变黑？假的,zhimo,,,
6878e51effab9e1dfdff0ab7,f15bebd5e163e60bf5dc0e6167d55415,2025-07-17T11:57:18.526722,normal,completed,女教师调岗后被降级 教体局回应,zhimo,,,
6878e51effab9e1dfdff0ab9,2b45957fafebcb5fb448ecdb2e660106,2025-07-17T14:39:20.722939,normal,completed,牛郎织女雕塑核定结算造价为207万,zhimo,,,
6878e51effab9e1dfdff0abb,24d3a07fa1a03d3d2cecb7a00bf0a378,2025-07-17T14:39:20.724942,normal,completed,以对叙首都空袭 叙利亚领导人发声,zhimo,,,
6878e51effab9e1dfdff0abd,662aa7d716599276e667e5ee16b4760f,2025-07-17T11:57:18.529625,normal,completed,杭州出现臭味自来水 居民抢购瓶装水,zhimo,,,
6878e522ffab9e1dfdff0abf,def7dd85960fa713d5da32179e5a6de7,2025-07-17T11:57:22.067675,normal,completed,聂耳逝世90周年,zhimo,,,
6878e522ffab9e1dfdff0ac1,61783b8125f5d0bd74a8f6d3296bb892,2025-07-17T19:54:11.660063,normal,completed,内马尔复出献绝杀,zhimo,,,
6878e522ffab9e1dfdff0ac3,d14fd24d2ec876abf74e83dd49029b57,2025-07-17T14:39:16.503253,normal,completed,美国7.3级强震：当地居民情绪恐慌,zhimo,,,
6878e522ffab9e1dfdff0ac5,50f637914af7be5d227cf4a4e4776055,2025-07-17T11:57:22.073880,normal,completed,宫鲁鸣回怼日本女篮,zhimo,,,
6878e522ffab9e1dfdff0ac7,5d3842bafd09777ab43dfeb58ec55c1e,2025-07-17T11:57:22.075552,normal,completed,郑钦文退赛,zhimo,,,
6878e522ffab9e1dfdff0ac9,d0d6f4213145e6cc65ab18adccaf3e21,2025-07-17T11:57:22.076750,normal,completed,杭州通报多小区自来水现臭味,zhimo,,,
6878e522ffab9e1dfdff0acb,51a961ed92f4ec5aa52c6e5f907e5061,2025-07-17T11:57:22.077936,normal,completed,殡仪馆3500招太平间门卫：24小时在岗,zhimo,,,
6878e522ffab9e1dfdff0acd,494950dafb495fc685acc27212ce0a52,2025-07-17T11:57:22.078922,normal,completed,杭州地方介入处理宗庆后遗产纠纷,zhimo,,,
6878e522ffab9e1dfdff0acf,21571028a023a88bdcef1a29eae69887,2025-07-17T11:57:22.079885,normal,completed,赫敏扮演者因超速被禁止驾驶6个月,zhimo,,,
6878e522ffab9e1dfdff0ad1,bf122937ba15138f2dc64079c51aa639,2025-07-17T11:57:22.080975,normal,completed,解读中国经济“期中考”,zhimo,,,
6878e525ffab9e1dfdff0ad3,927ae6fe87223c084e8bdffa24347310,2025-07-17T11:57:25.573209,normal,completed,韩国最高法院认定三星掌门人无罪,zhimo,,,
6878e525ffab9e1dfdff0ad5,753e0bcdcb64ac5fb728919321acee74,2025-07-17T11:57:25.574534,normal,completed,网红钟美美再谈被家暴落泪,zhimo,,,
6878e525ffab9e1dfdff0ad7,be7c00ae2a36d678b932efa6495df427,2025-07-17T11:57:25.575582,normal,completed,女生因张若昀爆剧入行法医,zhimo,,,
6878e525ffab9e1dfdff0ad9,3fe1e67bc48311730cdacf111f0d4ec5,2025-07-17T11:57:25.576779,normal,completed,韩国总统李在明鞠躬道歉,zhimo,,,
6878e525ffab9e1dfdff0adb,4b112349d36f5760a63a6c878f9bbf94,2025-07-17T11:57:25.577781,normal,completed,叙利亚总统府附近遭袭,zhimo,,,
6878e525ffab9e1dfdff0add,9cda53b1d9aa77684a50807f59749964,2025-07-18T00:54:24.214625,normal,completed,跟着中国国家地理寻找最美城市,zhimo,,,
6878e525ffab9e1dfdff0adf,4f55a2b412699ef32fcf737f42af86e3,2025-07-17T11:57:25.579713,normal,completed,游客给牛喂牛肉干遭踩踏,zhimo,,,
6878e525ffab9e1dfdff0ae1,b9ecb8316d7667dcee0f1c1d768e6108,2025-07-17T11:57:25.580673,normal,completed,杭州成立专班处理宗庆后遗产纠纷,zhimo,,,
6878e525ffab9e1dfdff0ae3,7cf14ac6ad25e18a4983e32d022c9c1b,2025-07-17T14:39:16.521083,normal,completed,某科技公司未落实网络安全保护义务被罚,zhimo,,,
6878e525ffab9e1dfdff0ae5,c0108c975964e36d14b87211c052defd,2025-07-17T11:57:25.582671,normal,completed,台积电Q2净利润暴增60% 创历史新高,zhimo,,,
6878ee05ffab9e1dfdff0ae7,19c2f2e9094621ae8ee6ab187341a26f,2025-07-17T12:35:17.523999,normal,completed,以空袭叙“总统府”区域 外交部回应,zhimo,,,
6878ee05ffab9e1dfdff0ae9,4c0c411951cffa055753249a36c9b09d,2025-07-17T12:35:17.526357,normal,completed,浙BA火力全开,zhimo,,,
6878ee05ffab9e1dfdff0aeb,95b39ff5291d706cd81e0b1e325ee8c3,2025-07-17T12:35:17.528265,normal,completed,5.3%增速背后：新动能撑起新发展,zhimo,,,
6878ee05ffab9e1dfdff0aed,a75424af333bd9e54ae958d5b9a96fdb,2025-07-17T12:35:17.529881,normal,completed,#我和烤肉之间只差一撮孜然#,zhimo,,,
6878ee05ffab9e1dfdff0aef,7d20e9bc1f83b3c2552fd7a522a4a5f7,2025-07-17T12:35:17.531762,normal,completed,中联重科回应男子别停摩托车,zhimo,,,
68790b14ffab9e1dfdff0b24,98cef972d192198c29480e15627a10c6,2025-07-17T14:39:16.509222,normal,completed,宗庆后背后女人成遗产纠纷关键人物,zhimo,,,
68790b14ffab9e1dfdff0b26,d2368367c16cad3709a1646b868973b8,2025-07-17T14:39:16.513921,normal,completed,银行卡负600万的农民：工钱都花不了,zhimo,,,
68790b14ffab9e1dfdff0b28,241e958ad3d0b69e5f7367e19703c808,2025-07-17T19:54:11.665253,normal,completed,乐山大佛热到休假了,zhimo,,,
68790b14ffab9e1dfdff0b2a,a2d85b4df45fda657d83c7ee00405c13,2025-07-17T14:39:16.526506,normal,completed,高温天气下如何识别和预防高温病,zhimo,,,
68790b14ffab9e1dfdff0b2c,66adee4052dfe860cdaba787ce28ce09,2025-07-17T14:39:16.528753,normal,completed,为什么现在没什么人吃口香糖了,zhimo,,,
68790b40ffab9e1dfdff0b3a,26ad9ca5246658cbda2e965f2df817dd,2025-07-17T19:54:11.661365,normal,completed,59.9元一罐的空气发布后被抢空,zhimo,,,
68790b40ffab9e1dfdff0b3c,af0b445db84e27a889afce4e94442ff9,2025-07-17T14:40:00.942236,normal,completed,6名员工半年用AI实现财富自由,zhimo,,,
68790b40ffab9e1dfdff0b3e,e28d6948cac62872d0bf299e312a2842,2025-07-17T14:40:00.946585,normal,completed,网红老板西藏自驾游途中去世,zhimo,,,
68790b40ffab9e1dfdff0b40,c4e729833c41e613490b6f45d2d55827,2025-07-17T19:54:11.662697,normal,completed,男婴去世赔偿款律师拿55万 律协通报,zhimo,,,
68790b40ffab9e1dfdff0b42,ecf070287f65a6a01472ea4ce4a85c36,2025-07-17T14:40:00.951790,normal,completed,哈梅内伊：有能力对美实施更沉重打击,zhimo,,,
68790b40ffab9e1dfdff0b44,9e02868a8ec9daafa844bf739f28a7bd,2025-07-17T14:40:00.953350,normal,completed,体检10年无异常确诊癌症 爱康再回应,zhimo,,,
68790b40ffab9e1dfdff0b46,cf65ccdec589cedb6d3a707968d503c6,2025-07-18T00:54:24.216401,normal,completed,12306能在线换座？官方解答,zhimo,,,
68790b40ffab9e1dfdff0b48,d498e29580351239c671803192e5c01b,2025-07-17T14:40:00.956883,normal,completed,韩红称未来可能会过得很清贫,zhimo,,,
68790b40ffab9e1dfdff0b4a,81609b89fc94b24d9c494ef559a650d8,2025-07-17T14:40:00.958308,normal,completed,爱康国宾因检测不准被多次投诉,zhimo,,,
68790b40ffab9e1dfdff0b4c,6f3685567783c639528b1cd17c002c6a,2025-07-17T14:40:00.959847,normal,completed,印度第七次申请入常失败？真相来了,zhimo,,,
68790b6affab9e1dfdff0b58,a91ffca5f00a54b6d2524a9e651e56e3,2025-07-17T14:40:42.609005,normal,completed,#你的城市热到多少度了#,zhimo,,,
68790b6affab9e1dfdff0b5a,a7ea4aef8ed5bad86bea43a3c1e894f8,2025-07-17T14:40:42.613690,normal,completed,以色列空袭叙利亚 中方表态,zhimo,,,
68790b6affab9e1dfdff0b5c,49a5b66b6f09978552036c7402217da2,2025-07-17T14:40:42.617074,normal,completed,日本女星远野凪子去世,zhimo,,,
68790b6affab9e1dfdff0b5e,c505e6c9ef47a151d96088e38996ea38,2025-07-18T00:54:24.219929,normal,completed,钟美美人物短片,zhimo,,,
68790b6affab9e1dfdff0b60,e1dac55cff69a946482156b3a6e45edb,2025-07-17T14:40:42.619110,normal,completed,大鹏和杨幂讨论要不要“二胎”,zhimo,,,
68790b6affab9e1dfdff0b62,ea17451778528f348b6829b9f5151c4f,2025-07-17T14:40:42.619973,normal,completed,高温将按下“暂停键”,zhimo,,,
68790b6affab9e1dfdff0b64,2fb08470438a7a534a93a24ce2bf031d,2025-07-17T14:40:42.620723,normal,completed,特朗普向中国表示感谢意欲何为,zhimo,,,
68790b6affab9e1dfdff0b66,57c7d074449f0aa33677d663cf037694,2025-07-17T14:40:42.621686,normal,completed,评论员评工装男别车嚣张骂人事件,zhimo,,,
68790b6affab9e1dfdff0b68,44bf4cf8afce0a090e9adb670a4bc414,2025-07-17T19:54:11.660334,normal,completed,儿子高考不理想 父亲让他学碳弧气刨,zhimo,,,
68790b6affab9e1dfdff0b6a,7f55cb94d0e46643215c20cfde56ff14,2025-07-17T14:40:42.623602,normal,completed,国企登报喊61名职工回来上班,zhimo,,,
68790b93ffab9e1dfdff0b76,0f4516e81adb91c30234794bc161e058,2025-07-17T14:41:23.140949,normal,completed,董璇婚宴和佟丽娅合照,zhimo,,,
68790b93ffab9e1dfdff0b78,1a194af72973a474c468fcc55d976fa1,2025-07-17T14:41:23.145491,normal,completed,河南患癌妈妈身挂尿袋卖瓜,zhimo,,,
68790b93ffab9e1dfdff0b7a,881a4cb558806abc0ef954d0815dc1a6,2025-07-17T14:41:23.149627,normal,completed,酷似林依晨女孩回应被心仪大学录取,zhimo,,,
68790b93ffab9e1dfdff0b7c,df06983e7e75a44c26f99a5e69debe93,2025-07-17T14:41:23.153202,normal,completed,链博会多场主题活动今天举行,zhimo,,,
68790b93ffab9e1dfdff0b7e,77922968e8e79124026e69b2066991ca,2025-07-18T00:54:24.207112,normal,completed,2025年度手机影像横评,zhimo,,,
68790b93ffab9e1dfdff0b80,308ad79be295e97314c5b691e2f54376,2025-07-17T14:41:23.156879,normal,completed,县委书记授意挪用1400万校园餐资金,zhimo,,,
68790b93ffab9e1dfdff0b82,5de259cc09451d607ba2612ffbb88393,2025-07-17T14:41:23.158161,normal,completed,第一次知道警犬技术专业会发小狗,zhimo,,,
68790b93ffab9e1dfdff0b84,862b36feba2b642fae6af20a672217a5,2025-07-18T00:54:24.217959,normal,completed,毕业即月薪过万的本科生不足10%,zhimo,,,
68790b93ffab9e1dfdff0b86,82f4911ba519c51dd6aa81260d3e9776,2025-07-17T19:54:11.655640,normal,completed,游客进丽江古城需缴纳50元维护费,zhimo,,,
68790b93ffab9e1dfdff0b88,965eabf37f93b364e5ddd79ec7c44222,2025-07-17T19:54:11.664624,normal,completed,中央第九巡视组已进驻山东,zhimo,,,
68790bcaffab9e1dfdff0b8f,c61e381b66f5365a43700b3881f6c48d,2025-07-17T14:42:18.120607,normal,completed,旱情影响夏粮 河南减产7.1亿斤,zhimo,,,
68790bcaffab9e1dfdff0b91,4966c27c4cd78443145d3865ffd28289,2025-07-17T14:42:18.126156,normal,completed,宋雨琦郑雅譞逛街小视频来了,zhimo,,,
68790bcaffab9e1dfdff0b93,b355221e6eb3b26e09f3fedfa17d75ec,2025-07-17T14:42:18.130907,normal,completed,钟显超隔扣外籍球员,zhimo,,,
68790bcaffab9e1dfdff0b95,f9c8e75a16c3ff8f21ecc45c8b95b7fd,2025-07-17T14:42:18.133477,normal,completed,外交部回应美执意加征芬太尼关税,zhimo,,,
68790bcaffab9e1dfdff0b97,f2accfadb2cea453806ef3e6dc3bc74e,2025-07-17T14:42:18.134749,normal,completed,赵一曼孙女在宜宾纪念馆深情回忆,zhimo,,,
68793920ffab9e1dfdff0bc7,b717a2be7dad2b52f941f1ba816026a0,2025-07-17T19:54:11.671017,normal,completed,奥巴马夫妇回应离婚传闻,zhimo,,,
68793920ffab9e1dfdff0bc9,a0696168063cd3ac66faecd4033565c6,2025-07-18T00:54:27.608338,normal,completed,北极圈人热到光膀子上街,zhimo,,,
68793920ffab9e1dfdff0bcb,e2d448be3b4ae5d96e65e3a51e79a06c,2025-07-18T00:54:27.623258,normal,completed,交朋友 共发展,zhimo,,,
68793920ffab9e1dfdff0bcd,8f26240a97040480fc6436d792848848,2025-07-18T00:54:27.628269,normal,completed,山姆背叛了山姆,zhimo,,,
68793920ffab9e1dfdff0bcf,12af3238fc7eb9e49126ffac95e5a24f,2025-07-18T00:54:27.618968,normal,completed,被家暴16次女子前婆婆被判返还91万,zhimo,,,
68793920ffab9e1dfdff0bd1,fa380363d2f4edd8cdfab0b1cb991830,2025-07-18T00:54:27.631821,normal,completed,文旅局回应袁姗姗在哀牢山拍摄,zhimo,,,
68793920ffab9e1dfdff0bd3,30e87b10f780d7e162bba9ad196e13d4,2025-07-17T20:12:59.293321,normal,completed,一分钟15元 年轻人花钱“晒黑”,zhimo,,,
68793920ffab9e1dfdff0bd5,44c532a568d01b33e17dab17fb37fd3f,2025-07-18T00:54:27.630395,normal,completed,曾经“香喷喷”的白酒为啥不香了,zhimo,,,
6879394cffab9e1dfdff0be1,1d6e6ea10da299a90dabe7933ec93bd8,2025-07-17T20:28:50.905882,normal,completed,合肥一夜闪电13569次,zhimo,,,
6879394cffab9e1dfdff0be3,c62ed998581fca5f99e4053327652f63,2025-07-18T00:54:27.620980,normal,completed,知名华裔演员为捡手机从8楼坠亡,zhimo,,,
6879394cffab9e1dfdff0be5,be7cb28d0f22199fb950c332f2b3dd98,2025-07-17T20:28:50.909425,normal,completed,最热夏天高价雪糕却卖不动了,zhimo,,,
6879394cffab9e1dfdff0be7,db234a08c7dd616b67c6eb9c98c5e2f0,2025-07-18T00:54:27.625075,normal,completed,“最美郭襄”李绮虹晒玩水素颜照,zhimo,,,
6879394cffab9e1dfdff0be9,f73b67d645d6815a7914f7ba0e7a9dc3,2025-07-17T20:12:59.282540,normal,completed,儿子失散19年 母亲见面塞19个红包,zhimo,,,
6879394cffab9e1dfdff0beb,6804f84054001de4dfcfc88874b91a68,2025-07-18T00:54:27.614701,normal,completed,巴西11岁女孩拔牙时发现81颗牙齿,zhimo,,,
6879394cffab9e1dfdff0bed,322601bb07527c058987114d784c0905,2025-07-17T20:28:50.911756,normal,completed,#男孩坐后备箱是自愿还是被自愿#,zhimo,,,
6879394cffab9e1dfdff0bef,58a5e7c3c478b363ba3f56347f40369d,2025-07-18T00:54:27.626615,normal,completed,马云西湖边骑单车被偶遇,zhimo,,,
6879394cffab9e1dfdff0bf1,ea99981a8ffe8e6cb39d2d2ca980aba4,2025-07-17T20:28:50.910634,normal,completed,中国发现新稀土矿物,zhimo,,,
6879394cffab9e1dfdff0bf3,e541ecf98cb8200560f58424b2822e0c,2025-07-18T00:55:08.917453,normal,completed,游客拍照不慎将孩子撞落水 众人救援,zhimo,,,
6879397cffab9e1dfdff0bff,dcf920aca24c9ea18c018b9cf8ed7697,2025-07-17T20:45:49.242455,normal,completed,以军开打 朱拉尼政权命悬一线了吗,zhimo,,,
6879397cffab9e1dfdff0c01,d8416b7a489f00a09b16c8becee4b851,2025-07-18T00:55:08.908825,normal,completed,婚礼那天的接亲有多有趣,zhimo,,,
6879397cffab9e1dfdff0c03,94e1c4ca340112fcfe55629378359a8d,2025-07-18T00:55:08.912546,normal,completed,别停摩托车并骂人男子已被拘留,zhimo,,,
6879397cffab9e1dfdff0c05,52fdb4de906ec76f9d38474de621e9b3,2025-07-17T20:45:49.234870,normal,completed,网友在西湖边偶遇马云单车夜骑,zhimo,,,
6879397cffab9e1dfdff0c07,e69e2f11f949496cecd5041edf0f1319,2025-07-17T20:45:49.236736,normal,completed,男子驾车别停摩托车辱骂骑手被拘留,zhimo,,,
6879397cffab9e1dfdff0c09,bcdd3f45616cf3dfbf546a20ce69c968,2025-07-18T00:55:08.904894,normal,completed,三个关键词读懂中国经济,zhimo,,,
6879397cffab9e1dfdff0c0b,209f83bba7ca68c57d4c7f8f98593bc1,2025-07-17T20:28:50.915161,normal,completed,#几千块一次的体检是智商税吗#,zhimo,,,
6879397cffab9e1dfdff0c0d,8ceaecf8c2202dfad95f0f9e0b6b5917,2025-07-17T20:45:49.232943,normal,completed,男子将女友打到坐轮椅：残了只能跟我,zhimo,,,
6879397cffab9e1dfdff0c0f,a408e45246b304dc5ac67928d596b685,2025-07-17T20:45:49.241130,normal,completed,三热词解码链博会,zhimo,,,
6879397cffab9e1dfdff0c11,921cd87dbee59681d90794bf31a82286,2025-07-17T20:28:50.907029,normal,completed,江西新余女子意外发现三个肾,zhimo,,,
687939a6ffab9e1dfdff0c1d,600443260e5533b2d670cd0665de05c4,2025-07-17T20:46:24.469798,normal,completed,博主：71岁陈佩斯再破天花板,zhimo,,,
687939a6ffab9e1dfdff0c1f,61b1d8c71ff7d6e3910528cb6d62a535,2025-07-17T20:46:24.466936,normal,completed,快递员涉嫌变卖油卡最高判无期,zhimo,,,
687939a6ffab9e1dfdff0c21,9ddeca48962c252180c84540f5faa78b,2025-07-17T20:45:49.230353,normal,completed,男子撞伤路人后杀人抛尸：已执行死刑,zhimo,,,
687939a6ffab9e1dfdff0c23,20025ea0be3c817366e8210e3b7ba139,2025-07-17T20:45:49.239512,normal,completed,湖北一处地表温度超73度,zhimo,,,
687939a6ffab9e1dfdff0c25,3191212627032481b0315c78b45a5c2f,2025-07-17T20:46:24.474703,normal,completed,印度被曝正研制“先进武器”,zhimo,,,
687939a6ffab9e1dfdff0c27,4199e156e58011ef2ee5255455a6c326,2025-07-18T00:55:08.907075,normal,completed,打铁花是中式浪漫,zhimo,,,
687939a6ffab9e1dfdff0c29,760ebff4d67aba95da72533cd2f88cc4,2025-07-17T20:46:24.472456,normal,completed,彭斯：公布爱泼斯坦案档案的时机已到,zhimo,,,
687939a6ffab9e1dfdff0c2b,b9a7b2de279914cded6b2a879517a8b0,2025-07-17T20:45:49.238154,normal,completed,男子绿化带里摘叶子煮水喝差点没命,zhimo,,,
687939a6ffab9e1dfdff0c2d,fb24bd475017e188f682cd7ddcfe3930,2025-07-17T20:46:24.476846,normal,completed,京东回应外卖0元购大战：完全没参与,zhimo,,,
687939a6ffab9e1dfdff0c2f,e6a596d651c7ea9c0a57d8735aedc873,2025-07-17T20:45:49.243763,normal,completed,天安门城楼维护检修后重新亮相,zhimo,,,
68799b6cffab9e1dfdff0c54,abc47dbb80a2d3203de35b3ddde926ee,2025-07-18T00:55:08.892309,normal,completed,进机场贵宾厅要验资2000万？银行回应,zhimo,,,
68799b6cffab9e1dfdff0c56,d50875d8a8f38b888849a37a48f141d2,2025-07-18T00:55:08.898099,normal,completed,孙颖莎回应新身份,zhimo,,,
68799b6cffab9e1dfdff0c58,12b5bb4d62ec54775965b861405fc17b,2025-07-18T00:55:08.910737,normal,completed,杜淳妻子聊名媛培训班,zhimo,,,
68799b6cffab9e1dfdff0c5a,2d3afccccb6bf6f893844bf3065197f8,2025-07-18T00:55:08.914205,normal,completed,特朗普被确诊患静脉疾病,zhimo,,,
68799b6cffab9e1dfdff0c5c,4769d958d1976b70bb75da9b534170d5,2025-07-18T00:55:08.915951,normal,completed,歼-15深夜起飞驱离外军机,zhimo,,,
68799b9cffab9e1dfdff0c68,ff3b25b71d1642e40dad4c0533ba2269,2025-07-18T00:55:56.268606,normal,completed,宾利车肇事逃逸 警车一路追踪喊话,zhimo,,,
68799b9cffab9e1dfdff0c6a,69a234301b00249123e99288f7400392,2025-07-18T00:55:56.274665,normal,completed,工作人员回应进丽江古城要交50元,zhimo,,,
68799b9cffab9e1dfdff0c6c,0012c9a5c4c873381c68ad4382cdac5e,2025-07-18T00:55:56.277018,normal,completed,大三本科生回应逆天学术履历,zhimo,,,
68799b9cffab9e1dfdff0c6e,90b79e8f61d99f3fd847f5f59eb91a73,2025-07-18T00:55:56.279568,normal,completed,外机抵近 航母官兵兴奋：到我上场了,zhimo,,,
68799b9cffab9e1dfdff0c70,1237e1fda7ef356da3503aacf2443a6e,2025-07-18T00:55:56.281554,normal,completed,飞机起飞后砸向地面？春秋航空回应,zhimo,,,
68799b9cffab9e1dfdff0c72,e56db79e779a6bd8108cfb6edb0c343a,2025-07-18T00:55:56.282960,normal,completed,雪王“亲儿子”要抢攻一线城市,zhimo,,,
68799b9cffab9e1dfdff0c74,bc09822bff3c307622a11b08475730a4,2025-07-18T00:55:56.284447,normal,completed,二人利用手机NFC盗走80多万,zhimo,,,
68799b9cffab9e1dfdff0c76,987e193e7814581c5b2bc55ef3a84b44,2025-07-18T00:55:56.285780,normal,completed,辣妹风坑苦了优衣库,zhimo,,,
68799b9cffab9e1dfdff0c78,282c8ab53c8ae7722186c165f57c7440,2025-07-18T00:55:56.287400,normal,completed,特朗普确诊静脉疾病：小腿轻微肿胀,zhimo,,,
68799b9cffab9e1dfdff0c7a,73ee703566b11c55754f064b647c7caf,2025-07-18T00:55:56.289205,normal,completed,妈妈支持女儿暑假不报班在家做面包,zhimo,,,
68799bd2ffab9e1dfdff0c86,2a469ed55a99a44b81afb92b02bd0f7d,2025-07-18T00:56:50.830585,normal,completed,李小萌全网寻广西贫苦少年韦仁龙,zhimo,,,
68799bd2ffab9e1dfdff0c88,4f8f96574848049cb872bf38848011a5,2025-07-18T00:56:50.838152,normal,completed,美众议院通过三项加密货币法案,zhimo,,,
68799bd2ffab9e1dfdff0c8a,ae298c7baebc280c7943803656d62206,2025-07-18T00:56:50.840815,normal,completed,李在明代表政府正式道歉,zhimo,,,
68799bd2ffab9e1dfdff0c8c,ecfe11c8c6f8c77cc5545c25b2fd6e25,2025-07-18T00:56:50.842632,normal,completed,以色列红海唯一港口将全面关闭,zhimo,,,
68799bd2ffab9e1dfdff0c8e,987292ddf71eab78488348851fc38f80,2025-07-18T00:56:50.844385,normal,completed,徐正源炮轰成都蓉城高层,zhimo,,,
68799bd2ffab9e1dfdff0c90,9e7498f8246268acb4bdd78611b9976f,2025-07-18T00:56:50.845823,normal,completed,用绳牵智障儿子环卫工拒绝社会捐赠,zhimo,,,
68799bd2ffab9e1dfdff0c92,69fab0656b9e239a1fb8883180fb3392,2025-07-18T00:56:50.847217,normal,completed,学校回应强制要求学生暑期来校补课,zhimo,,,
68799bd2ffab9e1dfdff0c94,eb2331e35da69c8356786055b05cc751,2025-07-18T00:56:50.848809,normal,completed,雷军陪比亚迪CEO王传福参观小米工厂,zhimo,,,
68799bd2ffab9e1dfdff0c96,da045cdbc340927ee876f4e229b9bfdd,2025-07-18T00:56:50.850416,normal,completed,用复古滤镜打开旅行,zhimo,,,
68799bd2ffab9e1dfdff0c98,a49aecdcc2c94acfaca8e7036f0374f7,2025-07-18T00:56:50.851899,normal,completed,游客“蛇形走位”逃避边防检查被罚,zhimo,,,
68799bfaffab9e1dfdff0c9f,738586b42932dafde201258792342a6b,2025-07-18T00:57:30.442982,normal,completed,警方回应“多肉饱饱”涉嫌诈骗,zhimo,,,
68799bfaffab9e1dfdff0ca1,6029d2bc594ad4227b180c914b42f750,2025-07-18T00:57:30.450770,normal,completed,杨幂说李善德外面有人了,zhimo,,,
68799bfaffab9e1dfdff0ca3,8af314ea53909f8e14c6d074b2f7c0d8,2025-07-18T00:57:30.454298,normal,completed,第一视角体验云南火把节,zhimo,,,
68799bfaffab9e1dfdff0ca5,4462a12c206806efe25cfdb3d3f7ab93,2025-07-18T00:57:30.456245,normal,completed,景区回应游客逗牛被踩踏事件频发,zhimo,,,
68799bfaffab9e1dfdff0ca7,b62ece59dff47bdb9ebcee312645c933,2025-07-18T00:57:30.457913,normal,completed,基孔肯雅热是什么病,zhimo,,,
68bade05921b108a550d0438,9d980f1e8d2e00282add87e1bb7dd01d,2025-09-05T12:56:38.108980,high,completed,九三阅兵女民兵方队领队是一名乡长,zhimo,2025-09-05T12:56:37.346230,1.0,high_heat_detection
68bade05921b108a550d0439,b2594463130e53b4f3431fc2f1024e3a,2025-09-05T12:56:38.103687,high,completed,电影《731》预售票房破1000万,zhimo,2025-09-05T12:56:37.347447,1.0,high_heat_detection
68bade05921b108a550d043a,586cb27033f5bade37f23ddbcc95bcdf,2025-09-05T12:56:38.101802,high,completed,金正恩乘专列离京返程,zhimo,2025-09-05T12:56:37.347891,1.0,high_heat_detection
68bade05921b108a550d043b,9fb95fff66bedd30d87f29eec1716399,2025-09-05T12:56:38.105378,high,completed,男子诋毁九三阅兵被拘,zhimo,2025-09-05T12:56:37.348298,1.0,high_heat_detection
68bade05921b108a550d043c,2aad77d37b08e04fda3225eec4ae3c93,2025-09-05T12:56:38.108290,high,completed,泰国新任总理出炉,zhimo,2025-09-05T12:56:37.348801,1.0,high_heat_detection
68bade05921b108a550d043d,cc9d02926b833b191681b133b952b8dd,2025-09-05T12:56:38.106864,high,completed,赖岳谦：解放军想打什么就有什么,zhimo,2025-09-05T12:56:37.349285,1.0,high_heat_detection
68bade05921b108a550d043e,7eba171785043644367ec4d7a17a086b,2025-09-05T12:56:38.106175,high,completed,历史不会被忘记 向老英雄致敬,zhimo,2025-09-05T12:56:37.349877,1.0,high_heat_detection
68bade05921b108a550d043f,4043f8bf7c8f04e3b4a9db9992dc9511,2025-09-05T12:56:38.102829,high,completed,苑举正：想做奴隶不要在中国土地上,zhimo,2025-09-05T12:56:37.350886,1.0,high_heat_detection
68bade05921b108a550d0440,315dcca993de03469f033da9301fa2f9,2025-09-05T12:56:38.104493,high,completed,男子玩毒蛇还挂脖展示遭咬伤后身亡,zhimo,2025-09-05T12:56:37.351428,0.9681887091126589,high_heat_detection
68bade05921b108a550d0441,03b440729f0c1d310d25fa0d66898656,2025-09-05T12:56:38.107571,high,completed,普京回应中俄印“龙熊象”比喻,zhimo,2025-09-05T12:56:37.351838,0.8937712138585476,high_heat_detection
68bade05921b108a550d0442,2e661116f439be9752683c4761075cb0,2025-09-05T12:56:40.079886,high,completed,中方回应特朗普将国防部改战争部,zhimo,2025-09-05T12:56:37.352308,0.8324836289416375,high_heat_detection
68bade05921b108a550d0443,387100ebb02c46dea4869dd1bf0c7103,2025-09-05T12:56:40.076977,high,completed,金正恩多边外交首秀吸睛,zhimo,2025-09-05T12:56:37.352714,0.8250464062493861,high_heat_detection
68bade05921b108a550d0444,53a6510989729b00b0b17cfc3a379b42,2025-09-05T12:56:40.059784,high,completed,外媒酸中国装备没实战 评论区翻车,zhimo,2025-09-05T12:56:37.353161,0.8027542800542347,high_heat_detection
68bade05921b108a550d0445,ab3b55d4a43ffef4730e571adc61d7ad,2025-09-05T12:56:40.068473,high,completed,古巴国家主席看到满墙华为笑了,zhimo,2025-09-05T12:56:37.353590,0.7947671501005358,high_heat_detection
68bade05921b108a550d0446,09aea0430955716a94665c27869a2af7,2025-09-05T12:56:40.083159,high,completed,亲爱的战友们 这盛世如你们所愿,zhimo,2025-09-05T12:56:37.354078,0.7870904995991459,high_heat_detection
68bade05921b108a550d0447,92021f751711ecc16aedd87ca8eaac4b,2025-09-05T12:56:40.082253,high,completed,普京：想向乌克兰派兵？敢来就打,zhimo,2025-09-05T12:56:37.354753,0.7789808160802165,high_heat_detection
68bade05921b108a550d0448,be66d4ced69f1b4c779ddf77be586326,2025-09-05T12:56:40.065889,high,completed,列车突然广播 全车人为他们鼓掌,zhimo,2025-09-05T12:56:37.355161,0.7710161195723653,high_heat_detection
68bade05921b108a550d0449,815437ab6ca57c772bfe7cbf72c80782,2025-09-05T12:56:40.073197,high,completed,#泰国新总理阿努廷是什么来头#,zhimo,2025-09-05T12:56:37.355489,0.762947510124852,high_heat_detection
68bade05921b108a550d044a,910e26294ca3b69c5bf8e27436eb2e6e,2025-09-05T12:56:40.081150,high,completed,东风-5C全时戒备意味什么,zhimo,2025-09-05T12:56:37.355877,0.7616145594904197,high_heat_detection
68bade05921b108a550d044b,501004c80123e10192399b11ac459662,2025-09-05T12:56:40.085031,high,completed,俄罗斯：绝不接受外国军队在乌部署,zhimo,2025-09-05T12:56:37.356355,0.7553585503599006,high_heat_detection
68bade08663129d97f0e268f,a1952995254fbce6aaf9138f841ab469,2025-09-05T12:56:40.575249,normal,completed,普京看到中国观众一秒切换中文问候,zhimo,,,
68bade08663129d97f0e2691,b3bc2ae6428a3280aab9c546e42d8aa6,2025-09-05T12:56:40.577803,normal,completed,罕见金黄涂装！阅兵这个装备到底是啥,zhimo,,,
68bade08663129d97f0e2693,9608d38713f772d481715ef305232b8d,2025-09-05T12:56:40.579692,normal,completed,溜出去50多个小时 这只和平鸽刚到家,zhimo,,,
68bade08663129d97f0e2695,5a43935d9ec08f7ec868b385f19ae302,2025-09-05T12:56:40.580882,normal,completed,人社部辟谣“花钱考证才能入职”,zhimo,,,
68bade08663129d97f0e2697,fabed8df4cf31b43c39b6171ecceefe7,2025-09-05T12:56:40.581915,normal,completed,酒馆表演被指擦边 文旅部门：已叫停,zhimo,,,
68bade08663129d97f0e2699,e5e9502023fef50ba9c07ec3a2a80ae9,2025-09-05T12:56:40.582800,normal,completed,“当年你救了我 现在我成了你”,zhimo,,,
68bade08663129d97f0e269b,8e8c252e7a4dc551465ac3b7f74cf69c,2025-09-05T12:56:40.583748,normal,completed,外交部：中方同意加入《纽约宣言》,zhimo,,,
68bade08663129d97f0e269d,62ff705bbef8a4f63824fb98ec3d21c5,2025-09-05T12:56:40.586071,normal,completed,桃李面包称领导正接受现实毒打,zhimo,,,
68bade08663129d97f0e269f,415714ee6167266701ccf0c0ac02b64d,2025-09-05T12:56:40.601938,normal,completed,上海夫妻遭遇现实版“寄生虫”,zhimo,,,
68bade08663129d97f0e26a1,1a5c578a7d159b5e86721db069c8760b,2025-09-05T12:56:40.624176,normal,completed,医生将350万灰色收入存保姆账户被花,zhimo,,,
68bade0a663129d97f0e26a3,20a5ffe077b3c46b60c73741072b1c9c,2025-09-05T12:56:42.420996,normal,completed,普京：俄将对等实施对华免签,zhimo,,,
68bade0a663129d97f0e26a5,95b0603c08dfbf13aa0ad342393914b5,2025-09-05T12:56:42.422554,normal,completed,金正恩：中国的庆典也是我们的喜事,zhimo,,,
68bade0a663129d97f0e26a7,ed90b568e9b8bd038b37c60645b25d5c,2025-09-05T12:56:42.423551,normal,completed,鹿晗北京演唱会,zhimo,,,
68bade0a663129d97f0e26a9,ca8c67aab432fbb7137cf3ace1a93724,2025-09-05T12:56:42.425438,normal,completed,詹姆斯空降成都,zhimo,,,
68bade0a663129d97f0e26ab,996b61cc2c361933ea64fc9cdc519f89,2025-09-05T12:56:42.430300,normal,completed,电影《731》发布勿忘版预告,zhimo,,,
68bade0a663129d97f0e26ad,ae4eab3ca78f988b71348bc270256aeb,2025-09-05T12:56:42.432847,normal,completed,特朗普饭桌上挨个要钱,zhimo,,,
68bade0a663129d97f0e26af,5164d0555776cfcea24f18761e459bd7,2025-09-05T12:56:42.433748,normal,completed,#26国派兵援乌为何要等俄乌停火#,zhimo,,,
68bade0a663129d97f0e26b1,5d19c493e6e42f2ae117074b5b0ac742,2025-09-05T12:56:42.435589,normal,completed,詹姆斯中国行 保镖辱骂驱赶球迷,zhimo,,,
68bade0a663129d97f0e26b3,dddc6f3f2689be2e54b3e964225e91d0,2025-09-05T12:56:42.437743,normal,completed,换个视角看阅兵,zhimo,,,
68bade0a663129d97f0e26b5,3db32166b3c7a87b0ad6400f5b957603,2025-09-05T12:56:42.438759,normal,completed,中方回应泰国选出新任总理,zhimo,,,
68bade0c663129d97f0e26b7,8aef923cfc4827145b6d6f3ec536153f,2025-09-05T12:56:44.213451,normal,completed,花钱培训考证才能入职？不可信,zhimo,,,
68bade0c663129d97f0e26b9,6ea7245bb7db11d00826f25f50ac1290,2025-09-05T12:56:44.220084,normal,completed,女子捡到戴脚环的鸽子 获鸽主人送养,zhimo,,,
68bade0c663129d97f0e26bb,0542410619c1a80823fce75b35744e55,2025-09-05T12:56:44.221299,normal,completed,法国一博物馆3件中国瓷器被盗,zhimo,,,
68bade0c663129d97f0e26bd,b0f49299ed7ab2386371adc1e8801d35,2025-09-05T12:56:44.222165,normal,completed,电影731发布勿忘版预告,zhimo,,,
68bade0c663129d97f0e26bf,e50dcb3f6ccd30a4c67be358849e4914,2025-09-05T12:56:44.223095,normal,completed,“3女带4孩续面”面馆招牌已拆除,zhimo,,,
68bade0c663129d97f0e26c1,fb97187c39efa084ca40757b4deaed93,2025-09-05T12:56:44.223733,normal,completed,河南女学子参加阅兵后光荣归校,zhimo,,,
68bade0c663129d97f0e26c3,bd51ead5f65b4cab05c49697e29e3f87,2025-09-05T12:56:44.224447,normal,completed,自豪泰党阿努廷当选泰国总理,zhimo,,,
68bade0c663129d97f0e26c5,b3f2c64cad8e406266ec16f3243f77f3,2025-09-05T12:56:44.225180,normal,completed,人均曾近万的米其林餐厅撑不住了,zhimo,,,
68bade0c663129d97f0e26c7,b86c4502848699c919c596cae9303821,2025-09-05T12:56:44.227040,normal,completed,一口气科普九三阅兵地面装备,zhimo,,,
68bade0c663129d97f0e26c9,23eeff4ef575739aa9635e49aefe21af,2025-09-05T12:56:44.228321,normal,completed,错过等三年！罕见“红月亮”将登场,zhimo,,,
68bbfb2eb7c7d07066b4be15,e6f4cf8055df2c93ebe67711f4bce508,2025-09-06T12:57:15.762010,normal,completed,美国突然不好玩了,zhimo,,,
68bbfb2eb7c7d07066b4be16,4b51138b4e1b96644eb26d4bf202f469,2025-09-06T12:57:15.756327,normal,completed,易会满8月底与家人一同被带走,zhimo,,,
68bbfb2eb7c7d07066b4be19,4eef1974468ac8120c82cb9338a10345,2025-09-06T12:57:15.768441,normal,completed,球还没开踢 友谊的小船已经翻了,zhimo,,,
68bbfb2eb7c7d07066b4be1a,08ff273bf03618d2cb52aae24a26d7f9,2025-09-06T09:13:18.931488,normal,completed,特朗普发AI视频把自己加到总统山上,zhimo,,,
68bbfb2eb7c7d07066b4be1d,9c27f8816c9d751722ba74fec61ebda7,2025-09-06T12:57:15.753380,normal,completed,异地恋十年 男子穿军装来接退役女友,zhimo,,,
68bbfb2eb7c7d07066b4be1e,1ebe0421696aa18a6f8b9d609b2e6be9,2025-09-06T12:57:15.763727,normal,completed,全国肥胖率分布地图出炉,zhimo,,,
68bbfb2eb7c7d07066b4be21,7fd65426fc4c04c56b621361a75861c1,2025-09-06T09:13:18.933090,normal,completed,阅兵场内外这些年轻人为何出圈,zhimo,,,
68bbfb2eb7c7d07066b4be22,4f55adac195460c5208c0e142aaca870,2025-09-06T09:13:18.933267,normal,completed,卫星视角看阅兵,zhimo,,,
68bbfb2eb7c7d07066b4be25,f97c984b132f1ea88dcb06608bbea8a2,2025-09-06T12:57:15.765324,normal,completed,江苏、江西省委书记等带头捐款,zhimo,,,
68bbfb2eb7c7d07066b4be26,dee6fc6840c7a911a590654d173b03c3,2025-09-06T12:57:15.758485,normal,completed,特朗普：我们好像把俄印输给了中国,zhimo,,,
68bbfb2eb7c7d07066b4be28,3748e3fdc8c624d096c90eb3e0aa923d,2025-09-06T12:57:15.760216,normal,completed,警方介入调查江祖平遭性侵案,zhimo,,,
68bbfb2eb7c7d07066b4be2a,d7caf8d28ebe193519d350dad89e1d35,2025-09-06T09:13:18.935721,normal,completed,九三阅兵镜头外的感动瞬间,zhimo,,,
68bbfb2eb7c7d07066b4be2c,9d1833fd2d02174af285e030fdb1b73f,2025-09-06T12:57:15.749589,normal,completed,易会满任期内发行1908家IPO,zhimo,,,
68bbfb2eb7c7d07066b4be2e,08b6144524e0c1fd84681875bea32f87,2025-09-06T12:57:15.766883,normal,completed,中元节,zhimo,,,
68bbfb2eb7c7d07066b4be30,172053df829be2611be10e27ee7d340b,2025-09-06T09:13:18.952875,normal,completed,张学良长孙：爷爷会为今日中国高兴,zhimo,,,
68bbfb31b7c7d07066b4be32,cff76bdcda5c4d4c30ea5210b3c4dc6c,2025-09-06T12:57:54.409418,normal,completed,俄方要求日本完全承认二战结果,zhimo,,,
68bbfb31b7c7d07066b4be34,a17ade151c1789ddfb9be80bd3aa754a,2025-09-06T09:13:21.419822,normal,completed,女子求职背调“亮黄灯”被拒录,zhimo,,,
68bbfb31b7c7d07066b4be36,b15e237f46a95dd65161f8b6a5c0aa86,2025-09-06T09:13:21.422935,normal,completed,厦航飞机起飞滑行时急刹 旅客尖叫,zhimo,,,
68bbfb31b7c7d07066b4be38,86f3c9fcc8f880dd5b284b97422aa481,2025-09-06T12:57:54.405961,normal,completed,李世民扮演者景区跳科目三：我缺钱,zhimo,,,
68bbfb31b7c7d07066b4be3a,d33da92ccf121d408a5743e860b3f3af,2025-09-06T12:57:54.414199,normal,completed,广州辟谣“小程序可办排污登记”,zhimo,,,
68bbfb31b7c7d07066b4be3c,6207c812418999125fa236d614459453,2025-09-06T12:57:54.403736,normal,completed,易会满8月底被查 家人被一并带走,zhimo,,,
68bbfb31b7c7d07066b4be3e,35fefff20eb1a8f9b4ab0ec1c086751e,2025-09-06T12:57:54.407798,normal,completed,印度公布国防计划 要造核动力航母,zhimo,,,
68bbfb31b7c7d07066b4be40,8e8f7cc9b1e970d98637fd4bcd9a9603,2025-09-06T12:57:54.412685,normal,completed,金正恩“多边首秀” 女儿两度亮相,zhimo,,,
68bbfb31b7c7d07066b4be42,5c7a44e5ab0657c21e0cc3c3221a4cd2,2025-09-06T09:13:21.439507,normal,completed,月全食要来了 错过再等三年,zhimo,,,
68bbfb31b7c7d07066b4be44,6b422bf2747c60f48ee5baa190e47b98,2025-09-06T09:13:21.441719,normal,completed,知名抗癌博主富国去世,zhimo,,,
68bbfb314a02996e94f1d065,d7814208fc1f27a8c1135bae5f7872cd,2025-09-06T09:13:21.977701,high,completed,耿爽：这样的美国不受欢迎,zhimo,2025-09-06T09:13:21.486655,0.7651172518415217,high_heat_detection
68bbfb314a02996e94f1d066,4c05b960ecc09b29612cc5bdb738e249,2025-09-06T09:13:21.989027,high,completed,村干部回应男子被眼镜王蛇咬死,zhimo,2025-09-06T09:13:21.487683,0.7616092124527405,high_heat_detection
68bbfb314a02996e94f1d067,0125f506f90068cc33441bb51e0b0f63,2025-09-06T09:13:21.970226,high,completed,易会满任期内3000点20次失守,zhimo,2025-09-06T09:13:21.488058,0.7549718587464449,high_heat_detection
68bbfb31b7c7d07066b4be47,ba76d677d0803de4652cee7c19e42e0d,2025-09-06T12:57:54.400869,normal,completed,特朗普：休息一天就被传总统出事了,zhimo,,,
68bbfb31b7c7d07066b4be49,166b351f830792cfabe3cba32d9a05e7,2025-09-06T09:13:21.975132,normal,completed,信用卡正在失去这届年轻人,zhimo,,,
68bbfb31b7c7d07066b4be4c,31c4af72eaca04537934edd657dabcb1,2025-09-06T09:13:21.980869,normal,completed,易会满执掌证监会5年3000点20次失守,zhimo,,,
68bbfb31b7c7d07066b4be4e,f4a120c8594b916ce6a2b9c15040a8bf,2025-09-06T12:57:54.398517,normal,completed,外国人看中国阅兵被震撼到了,zhimo,,,
68bbfb31b7c7d07066b4be50,b031c28738096f51e4d03fd25150f5a3,2025-09-06T09:13:21.984723,normal,completed,阿努廷当选后第一时间去跪拜父亲,zhimo,,,
68bbfb31b7c7d07066b4be52,f1a0c27333b6cdfe7b358e26a8e7f9d4,2025-09-06T12:57:54.411109,normal,completed,男子不满13条狗半夜叫 毒死9只获刑,zhimo,,,
68bbfb31b7c7d07066b4be54,f4230231d09c3edcd9e99b9814da82df,2025-09-06T09:13:21.987801,normal,completed,半年一改款 汽车变成快消品了吗,zhimo,,,
68bbfb33b7c7d07066b4be57,3161cff0ddfc7a2c6fdf2d148744ace1,2025-09-06T12:58:32.106450,normal,completed,王楚钦晒北大入学照配文：冬去秋来,zhimo,,,
68bbfb33b7c7d07066b4be59,f0d85ea42880ba93175851de5817ceeb,2025-09-06T12:58:32.116491,normal,completed,那些到期不续租的网约车司机,zhimo,,,
68bbfb33b7c7d07066b4be5b,e8b60945e8849354ebaf3ba16b9d802e,2025-09-06T12:58:32.102817,normal,completed,南京队迎战徐州队,zhimo,,,
68bbfb33b7c7d07066b4be5d,66fc370cbfcd977e342524c2e7f74808,2025-09-06T12:57:54.395287,normal,completed,证监会原主席易会满被查,zhimo,,,
68bbfb33b7c7d07066b4be5f,78521c92bf940488b761747986d8085b,2025-09-06T12:58:32.114361,normal,completed,第16号台风塔巴要来了,zhimo,,,
68bbfb33b7c7d07066b4be61,a9a3d6b611ddfe5b2bec1088a1f0c3cf,2025-09-06T09:13:23.701097,normal,completed,贵州中元节上演现实版《寻梦环游记》,zhimo,,,
68bbfb33b7c7d07066b4be63,84111efc2b5d719031acdb1a1145df0f,2025-09-06T09:13:23.701919,normal,completed,特朗普将美国防部更名战争部,zhimo,,,
68bbfb33b7c7d07066b4be65,9227127a565b451a7abde3d175b5b437,2025-09-06T09:13:23.702776,normal,completed,我们为什么热泪盈眶,zhimo,,,
68bbfb33b7c7d07066b4be67,ec05466c4fcd783ec82834e3555f4282,2025-09-06T12:58:32.109489,normal,completed,董璇说不会把钱都给张维伊,zhimo,,,
68bbfb33b7c7d07066b4be69,adb2ce8cc0066ca11b8098fa9fca01e0,2025-09-06T09:13:23.704563,normal,completed,旺旺集团副董事长怒批赖清德,zhimo,,,
68bbfb34b7c7d07066b4be6b,a259bf076265bd44d24cf76760076f6d,2025-09-06T09:13:24.306330,normal,completed,樊振东德甲客场首秀,zhimo,,,
68bbfb34b7c7d07066b4be6d,e0bc5937d9cbef54b84dbd9e77bbb285,2025-09-06T12:58:32.123737,normal,completed,丝瓜汤是什么梗,zhimo,,,
68bbfb34b7c7d07066b4be6f,cc57746dd2669c5ed8e68c59a7231591,2025-09-06T12:58:32.118180,normal,completed,特朗普回应委战机挂弹飞越美驱逐舰,zhimo,,,
68bbfb34b7c7d07066b4be71,23d743da8b44b2c510189d86655edb28,2025-09-06T12:58:32.111646,normal,completed,牛弹琴：特朗普又要开搞欧洲了,zhimo,,,
68bbfb34b7c7d07066b4be73,3661d53235843b217a21615ccae2e675,2025-09-06T12:58:32.122329,normal,completed,白露的“白”指什么,zhimo,,,
68bc2ff8b7c7d07066b4bea6,9e75c5de4f670fae04f4eadcc2f84c3c,2025-09-06T12:58:32.119995,normal,completed,江祖平自曝遭性侵 男方回应,zhimo,,,
68bc3024b7c7d07066b4beb2,76081c3274e97e4d30af859a3b9b7208,2025-09-06T12:59:16.398216,normal,completed,苏超南京vs徐州赛前探访,zhimo,,,
68bc3024b7c7d07066b4beb4,e9e3dba77e95139193b33489df24642b,2025-09-06T12:59:16.401832,normal,completed,九三阅兵“神级镜头”是这样切换的,zhimo,,,
68bc3024b7c7d07066b4beb6,5c9e9ccd6d83e93f3e2a05e31a44e58a,2025-09-06T12:59:16.404284,normal,completed,九三阅兵呈现了一个强大的现代中国,zhimo,,,
68bc3024b7c7d07066b4beb8,592c3be5f397b1917240903fea48d786,2025-09-06T12:59:16.407268,normal,completed,易会满曾多次强调反腐倡廉,zhimo,,,
68bc3024b7c7d07066b4beba,c4ce2474c050c80145f87e5025e01c3b,2025-09-06T12:59:16.409675,normal,completed,张维伊婚礼给去世父母留了座位,zhimo,,,
68bc3024b7c7d07066b4bebc,a898461722afd32b57d705c1f512e857,2025-09-06T12:59:16.411562,normal,completed,我国为何要规划撞击一颗小行星,zhimo,,,
68bc3024b7c7d07066b4bebe,b3c26086d037e747cd4381a95e1f7e74,2025-09-06T12:59:16.413627,normal,completed,大学毕业生做体育外卖月营收近10万,zhimo,,,
68bc3024b7c7d07066b4bec0,488c5d9c8b2d9680b88f96f32c4ecbdf,2025-09-06T12:59:16.415362,normal,completed,和平鸽“下班”50多小时才到家,zhimo,,,
68bc3024b7c7d07066b4bec2,053c054abf9c236600397e21dfefbded,2025-09-06T12:59:16.417036,normal,completed,四川广元发生4.0级地震,zhimo,,,
68bc3024b7c7d07066b4bec4,2bdc3bda079408a26205e05a68787f57,2025-09-06T12:59:16.418600,normal,completed,武汉大学就椅子标签争议致歉,zhimo,,,
68bc304bb7c7d07066b4bed0,620c1bde2726449e5f4e9e749a0e3d37,2025-09-06T12:59:55.213916,normal,completed,银川夜空现“七彩祥云”,zhimo,,,
68bc304bb7c7d07066b4bed2,7decdf7b5106b049ebbc0fcd8ef432e4,2025-09-06T12:59:55.218887,normal,completed,致敬阅兵仪式背后的每个人,zhimo,,,
68bc304bb7c7d07066b4bed4,a77a1dbff97397e55c96b2a83ffd30a2,2025-09-06T12:59:55.222561,normal,completed,苏超扬州vs南通,zhimo,,,
68bc304bb7c7d07066b4bed6,0881114e9a1a16cfdb5a9f89ebc743a2,2025-09-06T12:59:55.225437,normal,completed,面馆推“茅台配板面”套餐 一杯38元,zhimo,,,
68bc304bb7c7d07066b4bed8,186663cf8dbd39f29aaf85b37db67597,2025-09-06T12:59:55.227804,normal,completed,“反诈老陈”账号被封,zhimo,,,
68bc304bb7c7d07066b4beda,12fe319ddb3771e215daaa6619a319bf,2025-09-06T12:59:55.229766,normal,completed,医保新政退休人员每月返500？假的,zhimo,,,
68bc304bb7c7d07066b4bedc,9b7db48d30eab2d775c8c76309e6a92a,2025-09-06T12:59:55.231515,normal,completed,盲人企业家帮县政府垫资千万收不回,zhimo,,,
68bc304bb7c7d07066b4bede,92c4e3918a84a1d45b1432cd74d2da8f,2025-09-06T12:59:55.232942,normal,completed,特朗普误将美国国旗当毯子,zhimo,,,
68bc304bb7c7d07066b4bee0,4db6928006abeb4655899fa890ae135e,2025-09-06T12:59:55.234352,normal,completed,河北一建筑发生爆炸 官方：正在处理,zhimo,,,
68bc304bb7c7d07066b4bee2,017c4c80e0f394bf9754516779fc304b,2025-09-06T12:59:55.235725,normal,completed,武契奇说中国阅兵让人很有安全感,zhimo,,,
68c2a1cd6bfe0d19d56d1670,cc0315c4b9e11da5cc8cc1a8eda9cb8d,2025-09-11T10:18:30.587112,normal,completed,王辰被免去中国工程院副院长职务,zhimo,2025-09-11T10:17:49.076571,1.0,high_heat_detection
68c2a1cd6bfe0d19d56d1671,dc58de3cc051d74b0eb49fb81c85b978,2025-09-11T10:18:30.579990,normal,completed,于朦胧名下所有持股公司已注销,zhimo,2025-09-11T10:17:49.078319,1.0,high_heat_detection
68c2a1cd6bfe0d19d56d1672,dcd3bb092e7fb3f8e995010afefa8819,2025-09-11T10:18:30.582654,normal,completed,特朗普就盟友被枪杀发表全国讲话,zhimo,2025-09-11T10:17:49.079334,1.0,high_heat_detection
68c2a1cd6bfe0d19d56d1673,d050a757b359e6c6b1e6c561f394a246,2025-09-11T10:18:30.583456,normal,completed,成都地铁误会偷拍案维持原判,zhimo,2025-09-11T10:17:49.080354,1.0,high_heat_detection
68c2a1cd6bfe0d19d56d1674,ed82e3f92d8ed82d8c152ddd7db2edc4,2025-09-11T10:18:30.581762,normal,completed,特朗普政治盟友遭枪杀反映了什么,zhimo,2025-09-11T10:17:49.081183,1.0,high_heat_detection
68c2a1cd6bfe0d19d56d1675,a0569703f7a3e7d52faeca001eb97439,2025-09-11T10:18:31.517446,normal,completed,薛飞淘汰张本智和,zhimo,2025-09-11T10:17:49.081779,1.0,high_heat_detection
68c2a1cd6bfe0d19d56d1676,c5ac02832c0c8e3554181eecfab6471a,2025-09-11T10:18:31.522352,normal,completed,文物事业高质量发展迈出坚实步伐,zhimo,2025-09-11T10:17:49.082242,1.0,high_heat_detection
68c2a1cd6bfe0d19d56d1677,de11664f3d00bb8a0618dfa5b8195ee2,2025-09-11T10:18:31.523233,normal,completed,于朦胧新剧3个月前杀青,zhimo,2025-09-11T10:17:49.082674,1.0,high_heat_detection
68c2a1cd6bfe0d19d56d1678,e9865c617cf59eade47ec326bf9fb890,2025-09-11T10:18:31.519485,normal,completed,A股大突破下牛市洗盘是否结束,zhimo,2025-09-11T10:17:49.083093,0.9681772339492101,high_heat_detection
68c2a1cd6bfe0d19d56d1679,89b5c036f53ae99984c936f3216eee1c,2025-09-11T10:18:31.524345,normal,completed,直击河南多地暴雨,zhimo,2025-09-11T10:17:49.083456,0.9388732701835824,high_heat_detection
68c2a1cd6bfe0d19d56d167a,f3fff845db3e0e69ea0530413d1a13ed,2025-09-11T10:18:31.518503,normal,completed,于朦胧好友：你的笑容定格在记忆中,zhimo,2025-09-11T10:17:49.083810,0.8250307720628007,high_heat_detection
68c2a1cd6bfe0d19d56d167b,1db8dfc2080ff9a78724e171dab40f8b,2025-09-11T10:18:31.520509,normal,completed,NASA惊人发现：火星或曾存在远古生命,zhimo,2025-09-11T10:17:49.084151,0.7597533413780222,high_heat_detection
68c2a1cd6bfe0d19d56d167c,1bcda018bfedfc1a26528ab79b30bdbb,2025-09-11T10:19:08.520308,high,completed,于朦胧,zhimo,2025-09-11T10:17:49.084444,0.7583912978683064,high_heat_detection
68c2a1f72b2b42316a1ec51d,44d72a5a8eb22ce91813fa66f428d5c9,2025-09-11T10:18:31.521435,normal,completed,摘下奖章迎接烈士回家,zhimo,,,
68c2a1f72b2b42316a1ec520,9d1a3bad26418dce37738d3927482784,2025-09-11T10:18:31.526194,normal,completed,于朦胧新剧6月才杀青,zhimo,,,
68c2a21c2b2b42316a1ec52a,da521fc9ab9484e4b8d1d9530c20fa70,2025-09-11T10:19:08.501326,normal,completed,你会考虑购买iPhone 17吗,zhimo,,,
68c2a21c2b2b42316a1ec52c,b3ddc4cfcef310a48dd3cca0abfa8f47,2025-09-11T10:19:08.508366,normal,completed,邢菲发文称希望是假的,zhimo,,,
68c2a21c2b2b42316a1ec52e,852c02cffd5c4c621bd7f7e74aeb6701,2025-09-11T10:19:08.512494,normal,completed,中国发现“亚洲锂腰带”,zhimo,,,
68c2a21c2b2b42316a1ec530,85c4a45f6dcea583368193b60bd07664,2025-09-11T10:19:08.515824,normal,completed,河南许昌破纪录暴雨：行车如行船,zhimo,,,
68c2a21c2b2b42316a1ec532,93a8968388ec30fcf03f67979dbdcc84,2025-09-11T10:19:08.518305,normal,completed,山姆的“大路货”为何越来越多了,zhimo,,,
68c2a21c2b2b42316a1ec534,2fddd998251b6f20db620ab09212a452,2025-09-11T10:19:08.522466,normal,completed,直击河南许昌暴雨,zhimo,,,
68c2a21c2b2b42316a1ec536,436188b59565d0b7cf1ad67eaeb8e6e0,2025-09-11T10:19:08.525389,normal,completed,68岁奶奶玩3年滑板化身“追风少女”,zhimo,,,
68c2a21c2b2b42316a1ec538,220fecd408a60ddba20087a012f34c25,2025-09-11T10:19:08.527845,normal,completed,轰炸卡塔尔后 以总理喊话全世界,zhimo,,,
68c2a21c2b2b42316a1ec53a,0bf810994cf7d477896dddbb227e55d3,2025-09-11T10:19:08.529414,normal,completed,“云南公安出手打退伍军人”系谣言,zhimo,,,
68c2a2de2b2b42316a1ec546,0f7578c0e9198728e88e942792533885,2025-09-11T10:22:22.658295,normal,completed,阿里能撼动美团的“铁王座”吗,zhimo,,,
68c2a2de2b2b42316a1ec548,041df4cc7a07af0a139e6c85055fde06,2025-09-11T10:22:22.665252,normal,completed,学生想要躺着军训 教官：安排,zhimo,,,
68c2a2de2b2b42316a1ec54a,85366d1d15836bb8fd51f70cbe1a6a1b,2025-09-11T10:22:22.670442,normal,completed,于朦胧昨晚还在线,zhimo,,,
68c2a2de2b2b42316a1ec54c,33031ddd778fb169290885875dc21fff,2025-09-11T10:22:22.674487,normal,completed,武契奇：塞尔维亚是中国人民第二故乡,zhimo,,,
68c2a2de2b2b42316a1ec54e,11575349ec5e74d58497dea043aa5628,2025-09-11T10:22:22.677397,normal,completed,朋友称于朦胧手机关机微信不回,zhimo,,,
68c2a2de2b2b42316a1ec550,f4555486f6c49b9733c0d6e28a89252e,2025-09-11T10:22:22.681503,normal,completed,于朦胧好友：你的笑容永远定格记忆中,zhimo,,,
68c2a2de2b2b42316a1ec552,2b3fcc2c47f9ceb41e8aad7b1bf9a462,2025-09-11T10:22:22.684997,normal,completed,男子背着钓到的79斤鳡鱼在闹市穿行,zhimo,,,
68c2a2de2b2b42316a1ec554,9f0d6267e956f24490338e4355a99d3d,2025-09-11T10:22:22.690685,normal,completed,于朦胧原定明天播出的节目疑取消,zhimo,,,
68c2a2de2b2b42316a1ec556,a12050fd1cd7cddc6cd28e06ff85fa45,2025-09-11T10:22:22.694765,normal,completed,上海一酒店区别对待中外客人？假的,zhimo,,,
68c2a2de2b2b42316a1ec558,3381a6d052b2408fd0e1374eaf32d6f8,2025-09-11T10:22:22.696517,normal,completed,我的充实生活vlog,zhimo,,,
68c2a3082b2b42316a1ec564,39dca314a967e009a08d3b3ec7bb12c5,2025-09-11T10:23:04.795029,normal,completed,北约敢与俄罗斯开战吗,zhimo,,,
68c2a3082b2b42316a1ec566,c713690b6a1132906463b49bc64fdd7e,2025-09-11T10:23:04.799305,normal,completed,于朦胧小区物业证实凌晨有人坠楼,zhimo,,,
68c2a3082b2b42316a1ec568,8df9805e22a0719860320936cbca851b,2025-09-11T10:23:04.803609,normal,completed,罗永浩吐槽西贝全是预制菜 客服回应,zhimo,,,
68c2a3082b2b42316a1ec56a,8724e767617e5532b55176b0a2651b5b,2025-09-11T10:23:04.809276,normal,completed,李嘉格车澈离婚,zhimo,,,
68c2a3082b2b42316a1ec56c,6524b6768e2aeec88a9881466daa22e3,2025-09-11T10:23:04.812454,normal,completed,网传演员于朦胧坠楼,zhimo,,,
68c2a3082b2b42316a1ec56e,2cfd4e3b41a490a94b1e77585d5cf49c,2025-09-11T10:23:04.815396,normal,completed,砥砺奋进七十载天山南北谱华章,zhimo,,,
68c2a3082b2b42316a1ec570,bc83d4733a9eb9a9881ef781a40a2a9c,2025-09-11T10:23:04.818143,normal,completed,操场夜跑一扭头看到了校长,zhimo,,,
68c2a3082b2b42316a1ec572,488447a81c476dea46a362ed421c5d63,2025-09-11T10:23:04.820924,normal,completed,于朦胧自称性格“内向敏感”,zhimo,,,
68c2a3082b2b42316a1ec574,862be543ec5c135aec9397edcf36a32c,2025-09-11T10:23:04.823356,normal,completed,婚礼遇上河南暴雨 救援艇变“婚船”,zhimo,,,
68c2a3082b2b42316a1ec576,e40ab33a13f892f41485d60ac4eda91d,2025-09-11T10:23:04.827001,normal,completed,全国地域特色月饼图鉴,zhimo,,,
68c2a3742b2b42316a1ec57e,5e5206f5d9a66970b8d6ac8d2a925bea,2025-09-11T10:24:52.348453,normal,completed,赴山海开播,zhimo,,,
68c2a3742b2b42316a1ec580,6020f1f627785bc55cfee5f89e094040,2025-09-11T10:24:52.350834,normal,completed,陈汉典lulu宣布结婚,zhimo,,,
68c2a3742b2b42316a1ec582,1dc2dd14c3d20c2a6d4683f62d6e40d3,2025-09-11T10:24:52.351903,normal,completed,35岁抗癌女孩“香香”不幸离世,zhimo,,,
68c2a3742b2b42316a1ec584,18a091478be0ec83a3f5d4bac96ca56e,2025-09-11T10:24:52.353361,normal,completed,成都地铁案二审维持原判：不构成诬陷,zhimo,,,
68c2a3742b2b42316a1ec586,73f7fae560520701b37a18b1d5ea1b4b,2025-09-11T10:24:52.354975,normal,completed,迪拜记者看完极氪9X惊到飚北京话,zhimo,,,
68c2a3742b2b42316a1ec588,290e0feb5ce87ba7225041bc5b81cd5f,2025-09-11T10:24:52.357497,normal,completed,万能插线板藏安全隐患 早已被禁用,zhimo,,,
