_id,news_id,attempts,last_attempt,news_data,queued_at,status,updated_at,heat_level,priority,_source_database
68c2a1cc2b2b42316a1ec4cf,cc0315c4b9e11da5cc8cc1a8eda9cb8d,0,,"{""title"": ""王辰被免去中国工程院副院长职务"", ""platform"": ""微博"", ""url"": ""https://s.weibo.com/weibo?q=%23%E7%8E%8B%E8%BE%B0%E8%A2%AB%E5%85%8D%E5%8E%BB%E4%B8%AD%E5%9B%BD%E5%B7%A5%E7%A8%8B%E9%99%A2%E5%89%AF%E9%99%A2%E9%95%BF%E8%81%8C%E5%8A%A1&t=31&band_rank=1&Refer=top"", ""heat"": 1.0, ""normalized_heat"": 1.0}",2025-09-11T10:17:49.076181,completed,2025-09-11 10:18:25.993000,1.0,high,zhimo
68c2a1cc2b2b42316a1ec4d0,dc58de3cc051d74b0eb49fb81c85b978,0,,"{""title"": ""于朦胧名下所有持股公司已注销"", ""platform"": ""百度热点"", ""url"": ""https://www.baidu.com/s?wd=%E4%BA%8E%E6%9C%A6%E8%83%A7%E5%90%8D%E4%B8%8B%E6%89%80%E6%9C%89%E6%8C%81%E8%82%A1%E5%85%AC%E5%8F%B8%E5%B7%B2%E6%B3%A8%E9%94%80"", ""heat"": 1.0, ""normalized_heat"": 1.0}",2025-09-11T10:17:49.077945,completed,2025-09-11 10:18:30.574000,1.0,high,zhimo
68c2a1cc2b2b42316a1ec4d1,dcd3bb092e7fb3f8e995010afefa8819,0,,"{""title"": ""特朗普就盟友被枪杀发表全国讲话"", ""platform"": ""百度热点"", ""url"": ""https://www.baidu.com/s?wd=%E7%89%B9%E6%9C%97%E6%99%AE%E5%B0%B1%E7%9B%9F%E5%8F%8B%E8%A2%AB%E6%9E%AA%E6%9D%80%E5%8F%91%E8%A1%A8%E5%85%A8%E5%9B%BD%E8%AE%B2%E8%AF%9D"", ""heat"": 1.0, ""normalized_heat"": 1.0}",2025-09-11T10:17:49.078633,completed,2025-09-11 10:18:14.215000,1.0,high,zhimo
68c2a1cc2b2b42316a1ec4d2,d050a757b359e6c6b1e6c561f394a246,0,,"{""title"": ""成都地铁误会偷拍案维持原判"", ""platform"": ""抖音"", ""url"": ""https://www.douyin.com/hot/2233496"", ""heat"": 1.0, ""normalized_heat"": 1.0}",2025-09-11T10:17:49.079870,completed,2025-09-11 10:18:24.011000,1.0,high,zhimo
68c2a1cc2b2b42316a1ec4d3,ed82e3f92d8ed82d8c152ddd7db2edc4,0,,"{""title"": ""特朗普政治盟友遭枪杀反映了什么"", ""platform"": ""今日头条"", ""url"": ""https://www.toutiao.com/trending/7548744220081655338/"", ""heat"": 1.0, ""normalized_heat"": 1.0}",2025-09-11T10:17:49.080585,completed,2025-09-11 10:18:22.043000,1.0,high,zhimo
68c2a1cc2b2b42316a1ec4d4,a0569703f7a3e7d52faeca001eb97439,0,,"{""title"": ""薛飞淘汰张本智和"", ""platform"": ""今日头条"", ""url"": ""https://www.toutiao.com/trending/7548534520467685414/"", ""heat"": 1.0, ""normalized_heat"": 1.0}",2025-09-11T10:17:49.081447,completed,2025-09-11 10:18:25.505000,1.0,high,zhimo
68c2a1cc2b2b42316a1ec4d5,c5ac02832c0c8e3554181eecfab6471a,0,,"{""title"": ""文物事业高质量发展迈出坚实步伐"", ""platform"": ""今日头条"", ""url"": ""https://www.toutiao.com/trending/7548673026355662390/"", ""heat"": 1.0, ""normalized_heat"": 1.0}",2025-09-11T10:17:49.081974,completed,2025-09-11 10:18:17.756000,1.0,high,zhimo
68c2a1cc2b2b42316a1ec4d6,de11664f3d00bb8a0618dfa5b8195ee2,0,,"{""title"": ""于朦胧新剧3个月前杀青"", ""platform"": ""今日头条"", ""url"": ""https://www.toutiao.com/trending/7548708393473609266/"", ""heat"": 1.0, ""normalized_heat"": 1.0}",2025-09-11T10:17:49.082435,completed,2025-09-11 10:18:26.566000,1.0,high,zhimo
68c2a1cc2b2b42316a1ec4d7,e9865c617cf59eade47ec326bf9fb890,0,,"{""title"": ""A股大突破下牛市洗盘是否结束"", ""platform"": ""今日头条"", ""url"": ""https://www.toutiao.com/trending/7548725113428905498/"", ""heat"": 0.9681772339492101, ""normalized_heat"": 0.9681772339492101}",2025-09-11T10:17:49.082867,completed,2025-09-11 10:18:31.515000,0.9681772339492101,high,zhimo
68c2a1cc2b2b42316a1ec4d8,89b5c036f53ae99984c936f3216eee1c,0,,"{""title"": ""直击河南多地暴雨"", ""platform"": ""抖音"", ""url"": ""https://www.douyin.com/hot/2232906"", ""heat"": 0.9388732701835824, ""normalized_heat"": 0.9388732701835824}",2025-09-11T10:17:49.083248,completed,2025-09-11 10:18:21.099000,0.9388732701835824,high,zhimo
68c2a1cc2b2b42316a1ec4d9,f3fff845db3e0e69ea0530413d1a13ed,0,,"{""title"": ""于朦胧好友：你的笑容定格在记忆中"", ""platform"": ""今日头条"", ""url"": ""https://www.toutiao.com/trending/7548744842273164850/"", ""heat"": 0.8250307720628007, ""normalized_heat"": 0.8250307720628007}",2025-09-11T10:17:49.083606,completed,2025-09-11 10:18:16.683000,0.8250307720628007,high,zhimo
68c2a1cc2b2b42316a1ec4da,1db8dfc2080ff9a78724e171dab40f8b,0,,"{""title"": ""NASA惊人发现：火星或曾存在远古生命"", ""platform"": ""百度热点"", ""url"": ""https://www.baidu.com/s?wd=NASA%E6%83%8A%E4%BA%BA%E5%8F%91%E7%8E%B0%EF%BC%9A%E7%81%AB%E6%98%9F%E6%88%96%E6%9B%BE%E5%AD%98%E5%9C%A8%E8%BF%9C%E5%8F%A4%E7%94%9F%E5%91%BD"", ""heat"": 0.7597533413780222, ""normalized_heat"": 0.7597533413780222}",2025-09-11T10:17:49.083948,completed,2025-09-11 10:18:19.045000,0.7597533413780222,high,zhimo
68c2a1cc2b2b42316a1ec4db,1bcda018bfedfc1a26528ab79b30bdbb,1,2025-09-11T10:18:23.557180,"{""title"": ""于朦胧"", ""platform"": ""微博"", ""url"": ""https://s.weibo.com/weibo?q=%23%E4%BA%8E%E6%9C%A6%E8%83%A7&t=31&band_rank=1&Refer=top"", ""heat"": 0.7583912978683064, ""normalized_heat"": 0.7583912978683064}",2025-09-11T10:17:49.084281,completed,2025-09-11 10:18:49.932000,0.7583912978683064,high,zhimo
68c2a1cc2b2b42316a1ec4dc,44d72a5a8eb22ce91813fa66f428d5c9,1,2025-09-11T10:17:48.519052,"{""title"": ""摘下奖章迎接烈士回家"", ""platform"": ""百度热点"", ""url"": ""https://www.baidu.com/s?wd=%E6%91%98%E4%B8%8B%E5%A5%96%E7%AB%A0%E8%BF%8E%E6%8E%A5%E7%83%88%E5%A3%AB%E5%9B%9E%E5%AE%B6""}",2025-09-11T10:17:48.506520,completed,2025-09-11 10:18:20.508000,,,zhimo
68c2a1cc2b2b42316a1ec4dd,9d1a3bad26418dce37738d3927482784,1,2025-09-11T10:17:48.519052,"{""title"": ""于朦胧新剧6月才杀青"", ""platform"": ""百度热点"", ""url"": ""https://www.baidu.com/s?wd=%E4%BA%8E%E6%9C%A6%E8%83%A7%E6%96%B0%E5%89%A76%E6%9C%88%E6%89%8D%E6%9D%80%E9%9D%92""}",2025-09-11T10:17:48.506520,completed,2025-09-11 10:18:15.148000,,,zhimo
68c2a1cc2b2b42316a1ec4de,436188b59565d0b7cf1ad67eaeb8e6e0,1,2025-09-11T10:18:23.557180,"{""title"": ""68岁奶奶玩3年滑板化身“追风少女”"", ""platform"": ""百度热点"", ""url"": ""https://www.baidu.com/s?wd=68%E5%B2%81%E5%A5%B6%E5%A5%B6%E7%8E%A93%E5%B9%B4%E6%BB%91%E6%9D%BF%E5%8C%96%E8%BA%AB%E2%80%9C%E8%BF%BD%E9%A3%8E%E5%B0%91%E5%A5%B3%E2%80%9D""}",2025-09-11T10:17:48.506520,completed,2025-09-11 10:18:46.837000,,,zhimo
68c2a1cc2b2b42316a1ec4df,220fecd408a60ddba20087a012f34c25,1,2025-09-11T10:18:23.557180,"{""title"": ""轰炸卡塔尔后 以总理喊话全世界"", ""platform"": ""百度热点"", ""url"": ""https://www.baidu.com/s?wd=%E8%BD%B0%E7%82%B8%E5%8D%A1%E5%A1%94%E5%B0%94%E5%90%8E%20%E4%BB%A5%E6%80%BB%E7%90%86%E5%96%8A%E8%AF%9D%E5%85%A8%E4%B8%96%E7%95%8C""}",2025-09-11T10:17:48.506520,failed,2025-09-11 10:18:53.591000,,,zhimo
68c2a1cc2b2b42316a1ec4e0,85c4a45f6dcea583368193b60bd07664,1,2025-09-11T10:18:23.557180,"{""title"": ""河南许昌破纪录暴雨：行车如行船"", ""platform"": ""百度热点"", ""url"": ""https://www.baidu.com/s?wd=%E6%B2%B3%E5%8D%97%E8%AE%B8%E6%98%8C%E7%A0%B4%E7%BA%AA%E5%BD%95%E6%9A%B4%E9%9B%A8%EF%BC%9A%E8%A1%8C%E8%BD%A6%E5%A6%82%E8%A1%8C%E8%88%B9""}",2025-09-11T10:17:48.506520,completed,2025-09-11 10:19:03.099000,,,zhimo
68c2a1cc2b2b42316a1ec4e1,852c02cffd5c4c621bd7f7e74aeb6701,1,2025-09-11T10:18:23.557180,"{""title"": ""中国发现“亚洲锂腰带”"", ""platform"": ""百度热点"", ""url"": ""https://www.baidu.com/s?wd=%E4%B8%AD%E5%9B%BD%E5%8F%91%E7%8E%B0%E2%80%9C%E4%BA%9A%E6%B4%B2%E9%94%82%E8%85%B0%E5%B8%A6%E2%80%9D""}",2025-09-11T10:17:48.506520,completed,2025-09-11 10:18:54.670000,,,zhimo
68c2a1cc2b2b42316a1ec4e2,da521fc9ab9484e4b8d1d9530c20fa70,1,2025-09-11T10:18:23.557180,"{""title"": ""你会考虑购买iPhone 17吗"", ""platform"": ""今日头条"", ""url"": ""https://www.toutiao.com/trending/7548670117173792275/""}",2025-09-11T10:17:48.506520,completed,2025-09-11 10:19:08.494000,,,zhimo
68c2a1cc2b2b42316a1ec4e3,2fddd998251b6f20db620ab09212a452,1,2025-09-11T10:18:23.557180,"{""title"": ""直击河南许昌暴雨"", ""platform"": ""百度热点"", ""url"": ""https://www.baidu.com/s?wd=%E7%9B%B4%E5%87%BB%E6%B2%B3%E5%8D%97%E8%AE%B8%E6%98%8C%E6%9A%B4%E9%9B%A8""}",2025-09-11T10:17:48.506520,completed,2025-09-11 10:19:00.061000,,,zhimo
68c2a1cc2b2b42316a1ec4e4,b3ddc4cfcef310a48dd3cca0abfa8f47,1,2025-09-11T10:18:23.557180,"{""title"": ""邢菲发文称希望是假的"", ""platform"": ""百度热点"", ""url"": ""https://www.baidu.com/s?wd=%E9%82%A2%E8%8F%B2%E5%8F%91%E6%96%87%E7%A7%B0%E5%B8%8C%E6%9C%9B%E6%98%AF%E5%81%87%E7%9A%84""}",2025-09-11T10:17:48.506520,completed,2025-09-11 10:18:52.987000,,,zhimo
68c2a1cc2b2b42316a1ec4e5,0bf810994cf7d477896dddbb227e55d3,1,2025-09-11T10:18:23.557180,"{""title"": ""“云南公安出手打退伍军人”系谣言"", ""platform"": ""百度热点"", ""url"": ""https://www.baidu.com/s?wd=%E2%80%9C%E4%BA%91%E5%8D%97%E5%85%AC%E5%AE%89%E5%87%BA%E6%89%8B%E6%89%93%E9%80%80%E4%BC%8D%E5%86%9B%E4%BA%BA%E2%80%9D%E7%B3%BB%E8%B0%A3%E8%A8%80""}",2025-09-11T10:17:48.506520,completed,2025-09-11 10:18:52.741000,,,zhimo
68c2a1cc2b2b42316a1ec4e6,93a8968388ec30fcf03f67979dbdcc84,1,2025-09-11T10:18:23.557180,"{""title"": ""山姆的“大路货”为何越来越多了"", ""platform"": ""百度热点"", ""url"": ""https://www.baidu.com/s?wd=%E5%B1%B1%E5%A7%86%E7%9A%84%E2%80%9C%E5%A4%A7%E8%B7%AF%E8%B4%A7%E2%80%9D%E4%B8%BA%E4%BD%95%E8%B6%8A%E6%9D%A5%E8%B6%8A%E5%A4%9A%E4%BA%86""}",2025-09-11T10:17:48.506520,completed,2025-09-11 10:19:03.715000,,,zhimo
68c2a1cc2b2b42316a1ec4e7,f4555486f6c49b9733c0d6e28a89252e,1,2025-09-11T10:19:09.283063,"{""title"": ""于朦胧好友：你的笑容永远定格记忆中"", ""platform"": ""百度热点"", ""url"": ""https://www.baidu.com/s?wd=%E4%BA%8E%E6%9C%A6%E8%83%A7%E5%A5%BD%E5%8F%8B%EF%BC%9A%E4%BD%A0%E7%9A%84%E7%AC%91%E5%AE%B9%E6%B0%B8%E8%BF%9C%E5%AE%9A%E6%A0%BC%E8%AE%B0%E5%BF%86%E4%B8%AD""}",2025-09-11T10:17:48.506520,completed,2025-09-11 10:20:38.103000,,,zhimo
68c2a1cc2b2b42316a1ec4e8,9f0d6267e956f24490338e4355a99d3d,1,2025-09-11T10:19:09.283063,"{""title"": ""于朦胧原定明天播出的节目疑取消"", ""platform"": ""百度热点"", ""url"": ""https://www.baidu.com/s?wd=%E4%BA%8E%E6%9C%A6%E8%83%A7%E5%8E%9F%E5%AE%9A%E6%98%8E%E5%A4%A9%E6%92%AD%E5%87%BA%E7%9A%84%E8%8A%82%E7%9B%AE%E7%96%91%E5%8F%96%E6%B6%88""}",2025-09-11T10:17:48.506520,completed,2025-09-11 10:19:39.646000,,,zhimo
68c2a1cc2b2b42316a1ec4e9,11575349ec5e74d58497dea043aa5628,1,2025-09-11T10:19:09.283063,"{""title"": ""朋友称于朦胧手机关机微信不回"", ""platform"": ""百度热点"", ""url"": ""https://www.baidu.com/s?wd=%E6%9C%8B%E5%8F%8B%E7%A7%B0%E4%BA%8E%E6%9C%A6%E8%83%A7%E6%89%8B%E6%9C%BA%E5%85%B3%E6%9C%BA%E5%BE%AE%E4%BF%A1%E4%B8%8D%E5%9B%9E""}",2025-09-11T10:17:48.506520,completed,2025-09-11 10:20:10.359000,,,zhimo
68c2a1cc2b2b42316a1ec4ea,85366d1d15836bb8fd51f70cbe1a6a1b,1,2025-09-11T10:19:09.283063,"{""title"": ""于朦胧昨晚还在线"", ""platform"": ""百度热点"", ""url"": ""https://www.baidu.com/s?wd=%E4%BA%8E%E6%9C%A6%E8%83%A7%E6%98%A8%E6%99%9A%E8%BF%98%E5%9C%A8%E7%BA%BF""}",2025-09-11T10:17:48.506520,completed,2025-09-11 10:20:48.747000,,,zhimo
68c2a1cc2b2b42316a1ec4eb,a12050fd1cd7cddc6cd28e06ff85fa45,1,2025-09-11T10:19:09.283063,"{""title"": ""上海一酒店区别对待中外客人？假的"", ""platform"": ""今日头条"", ""url"": ""https://www.toutiao.com/trending/7548252353884782628/""}",2025-09-11T10:17:48.506520,completed,2025-09-11 10:21:14.895000,,,zhimo
68c2a1cc2b2b42316a1ec4ec,2b3fcc2c47f9ceb41e8aad7b1bf9a462,1,2025-09-11T10:19:09.283063,"{""title"": ""男子背着钓到的79斤鳡鱼在闹市穿行"", ""platform"": ""百度热点"", ""url"": ""https://www.baidu.com/s?wd=%E7%94%B7%E5%AD%90%E8%83%8C%E7%9D%80%E9%92%93%E5%88%B0%E7%9A%8479%E6%96%A4%E9%B3%A1%E9%B1%BC%E5%9C%A8%E9%97%B9%E5%B8%82%E7%A9%BF%E8%A1%8C""}",2025-09-11T10:17:48.506520,completed,2025-09-11 10:21:22.496000,,,zhimo
68c2a1cc2b2b42316a1ec4ed,041df4cc7a07af0a139e6c85055fde06,1,2025-09-11T10:19:09.283063,"{""title"": ""学生想要躺着军训 教官：安排"", ""platform"": ""百度热点"", ""url"": ""https://www.baidu.com/s?wd=%E5%AD%A6%E7%94%9F%E6%83%B3%E8%A6%81%E8%BA%BA%E7%9D%80%E5%86%9B%E8%AE%AD%20%E6%95%99%E5%AE%98%EF%BC%9A%E5%AE%89%E6%8E%92""}",2025-09-11T10:17:48.506520,completed,2025-09-11 10:21:50.020000,,,zhimo
68c2a1cc2b2b42316a1ec4ee,33031ddd778fb169290885875dc21fff,1,2025-09-11T10:19:09.283063,"{""title"": ""武契奇：塞尔维亚是中国人民第二故乡"", ""platform"": ""百度热点"", ""url"": ""https://www.baidu.com/s?wd=%E6%AD%A6%E5%A5%91%E5%A5%87%EF%BC%9A%E5%A1%9E%E5%B0%94%E7%BB%B4%E4%BA%9A%E6%98%AF%E4%B8%AD%E5%9B%BD%E4%BA%BA%E6%B0%91%E7%AC%AC%E4%BA%8C%E6%95%85%E4%B9%A1""}",2025-09-11T10:17:48.506520,completed,2025-09-11 10:21:56.015000,,,zhimo
68c2a1cc2b2b42316a1ec4ef,0f7578c0e9198728e88e942792533885,1,2025-09-11T10:19:09.283063,"{""title"": ""阿里能撼动美团的“铁王座”吗"", ""platform"": ""百度热点"", ""url"": ""https://www.baidu.com/s?wd=%E9%98%BF%E9%87%8C%E8%83%BD%E6%92%BC%E5%8A%A8%E7%BE%8E%E5%9B%A2%E7%9A%84%E2%80%9C%E9%93%81%E7%8E%8B%E5%BA%A7%E2%80%9D%E5%90%97""}",2025-09-11T10:17:48.506520,completed,2025-09-11 10:22:19.827000,,,zhimo
68c2a1cc2b2b42316a1ec4f0,3381a6d052b2408fd0e1374eaf32d6f8,1,2025-09-11T10:19:09.283063,"{""title"": ""我的充实生活vlog"", ""platform"": ""抖音"", ""url"": ""https://www.douyin.com/hot/2232926""}",2025-09-11T10:17:48.506520,completed,2025-09-11 10:22:22.652000,,,zhimo
68c2a1cc2b2b42316a1ec4f1,2cfd4e3b41a490a94b1e77585d5cf49c,1,2025-09-11T10:22:24.207961,"{""title"": ""砥砺奋进七十载天山南北谱华章"", ""platform"": ""抖音"", ""url"": ""https://www.douyin.com/hot/2233520""}",2025-09-11T10:17:48.506520,completed,2025-09-11 10:22:57.565000,,,zhimo
68c2a1cc2b2b42316a1ec4f2,c713690b6a1132906463b49bc64fdd7e,1,2025-09-11T10:22:24.207961,"{""title"": ""于朦胧小区物业证实凌晨有人坠楼"", ""platform"": ""百度热点"", ""url"": ""https://www.baidu.com/s?wd=%E4%BA%8E%E6%9C%A6%E8%83%A7%E5%B0%8F%E5%8C%BA%E7%89%A9%E4%B8%9A%E8%AF%81%E5%AE%9E%E5%87%8C%E6%99%A8%E6%9C%89%E4%BA%BA%E5%9D%A0%E6%A5%BC""}",2025-09-11T10:17:48.506520,completed,2025-09-11 10:22:55.630000,,,zhimo
68c2a1cc2b2b42316a1ec4f3,6524b6768e2aeec88a9881466daa22e3,1,2025-09-11T10:22:24.207961,"{""title"": ""网传演员于朦胧坠楼"", ""platform"": ""今日头条"", ""url"": ""https://www.toutiao.com/trending/7548664548950802473/""}",2025-09-11T10:17:48.506520,completed,2025-09-11 10:23:01.735000,,,zhimo
68c2a1cc2b2b42316a1ec4f4,8df9805e22a0719860320936cbca851b,1,2025-09-11T10:22:24.207961,"{""title"": ""罗永浩吐槽西贝全是预制菜 客服回应"", ""platform"": ""百度热点"", ""url"": ""https://www.baidu.com/s?wd=%E7%BD%97%E6%B0%B8%E6%B5%A9%E5%90%90%E6%A7%BD%E8%A5%BF%E8%B4%9D%E5%85%A8%E6%98%AF%E9%A2%84%E5%88%B6%E8%8F%9C%20%E5%AE%A2%E6%9C%8D%E5%9B%9E%E5%BA%94""}",2025-09-11T10:17:48.506520,completed,2025-09-11 10:23:04.788000,,,zhimo
68c2a1cc2b2b42316a1ec4f5,488447a81c476dea46a362ed421c5d63,1,2025-09-11T10:22:24.207961,"{""title"": ""于朦胧自称性格“内向敏感”"", ""platform"": ""百度热点"", ""url"": ""https://www.baidu.com/s?wd=%E4%BA%8E%E6%9C%A6%E8%83%A7%E8%87%AA%E7%A7%B0%E6%80%A7%E6%A0%BC%E2%80%9C%E5%86%85%E5%90%91%E6%95%8F%E6%84%9F%E2%80%9D""}",2025-09-11T10:17:48.506520,completed,2025-09-11 10:22:52.565000,,,zhimo
68c2a1cc2b2b42316a1ec4f6,e40ab33a13f892f41485d60ac4eda91d,1,2025-09-11T10:22:24.207961,"{""title"": ""全国地域特色月饼图鉴"", ""platform"": ""抖音"", ""url"": ""https://www.douyin.com/hot/2231991""}",2025-09-11T10:17:48.506520,completed,2025-09-11 10:22:51.278000,,,zhimo
68c2a1cc2b2b42316a1ec4f7,862be543ec5c135aec9397edcf36a32c,1,2025-09-11T10:22:24.207961,"{""title"": ""婚礼遇上河南暴雨 救援艇变“婚船”"", ""platform"": ""百度热点"", ""url"": ""https://www.baidu.com/s?wd=%E5%A9%9A%E7%A4%BC%E9%81%87%E4%B8%8A%E6%B2%B3%E5%8D%97%E6%9A%B4%E9%9B%A8%20%E6%95%91%E6%8F%B4%E8%89%87%E5%8F%98%E2%80%9C%E5%A9%9A%E8%88%B9%E2%80%9D""}",2025-09-11T10:17:48.506520,completed,2025-09-11 10:22:58.969000,,,zhimo
68c2a1cc2b2b42316a1ec4f8,8724e767617e5532b55176b0a2651b5b,1,2025-09-11T10:22:24.207961,"{""title"": ""李嘉格车澈离婚"", ""platform"": ""百度热点"", ""url"": ""https://www.baidu.com/s?wd=%E6%9D%8E%E5%98%89%E6%A0%BC%E8%BD%A6%E6%BE%88%E7%A6%BB%E5%A9%9A""}",2025-09-11T10:17:48.506520,completed,2025-09-11 10:22:51.415000,,,zhimo
68c2a1cc2b2b42316a1ec4f9,39dca314a967e009a08d3b3ec7bb12c5,1,2025-09-11T10:22:24.207961,"{""title"": ""北约敢与俄罗斯开战吗"", ""platform"": ""今日头条"", ""url"": ""https://www.toutiao.com/trending/7548744814238371371/""}",2025-09-11T10:17:48.506520,completed,2025-09-11 10:22:57.673000,,,zhimo
68c2a1cc2b2b42316a1ec4fa,bc83d4733a9eb9a9881ef781a40a2a9c,1,2025-09-11T10:22:24.207961,"{""title"": ""操场夜跑一扭头看到了校长"", ""platform"": ""百度热点"", ""url"": ""https://www.baidu.com/s?wd=%E6%93%8D%E5%9C%BA%E5%A4%9C%E8%B7%91%E4%B8%80%E6%89%AD%E5%A4%B4%E7%9C%8B%E5%88%B0%E4%BA%86%E6%A0%A1%E9%95%BF""}",2025-09-11T10:17:48.506520,completed,2025-09-11 10:22:58.481000,,,zhimo
68c2a1cc2b2b42316a1ec4fb,5e5206f5d9a66970b8d6ac8d2a925bea,1,2025-09-11T10:23:04.795654,"{""title"": ""赴山海开播"", ""platform"": ""微博"", ""url"": ""https://s.weibo.com/weibo?q=%23%E8%B5%B4%E5%B1%B1%E6%B5%B7%E5%BC%80%E6%92%AD&t=31&band_rank=1&Refer=top""}",2025-09-11T10:17:48.506520,completed,2025-09-11 10:23:42.281000,,,zhimo
68c2a1cc2b2b42316a1ec4fc,1dc2dd14c3d20c2a6d4683f62d6e40d3,1,2025-09-11T10:23:04.795654,"{""title"": ""35岁抗癌女孩“香香”不幸离世"", ""platform"": ""百度热点"", ""url"": ""https://www.baidu.com/s?wd=35%E5%B2%81%E6%8A%97%E7%99%8C%E5%A5%B3%E5%AD%A9%E2%80%9C%E9%A6%99%E9%A6%99%E2%80%9D%E4%B8%8D%E5%B9%B8%E7%A6%BB%E4%B8%96""}",2025-09-11T10:17:48.506520,completed,2025-09-11 10:23:37.106000,,,zhimo
68c2a1cc2b2b42316a1ec4fd,6020f1f627785bc55cfee5f89e094040,1,2025-09-11T10:23:04.795654,"{""title"": ""陈汉典lulu宣布结婚"", ""platform"": ""微博"", ""url"": ""https://s.weibo.com/weibo?q=%23%E9%99%88%E6%B1%89%E5%85%B8lulu%E5%AE%A3%E5%B8%83%E7%BB%93%E5%A9%9A&t=31&band_rank=1&Refer=top""}",2025-09-11T10:17:48.506520,completed,2025-09-11 10:24:06.255000,,,zhimo
68c2a1cc2b2b42316a1ec4fe,73f7fae560520701b37a18b1d5ea1b4b,1,2025-09-11T10:23:04.795654,"{""title"": ""迪拜记者看完极氪9X惊到飚北京话"", ""platform"": ""百度热点"", ""url"": ""https://www.baidu.com/s?wd=%E8%BF%AA%E6%8B%9C%E8%AE%B0%E8%80%85%E7%9C%8B%E5%AE%8C%E6%9E%81%E6%B0%AA9X%E6%83%8A%E5%88%B0%E9%A3%9A%E5%8C%97%E4%BA%AC%E8%AF%9D""}",2025-09-11T10:17:48.506520,completed,2025-09-11 10:24:12.513000,,,zhimo
68c2a1cc2b2b42316a1ec4ff,18a091478be0ec83a3f5d4bac96ca56e,1,2025-09-11T10:23:04.795654,"{""title"": ""成都地铁案二审维持原判：不构成诬陷"", ""platform"": ""百度热点"", ""url"": ""https://www.baidu.com/s?wd=%E6%88%90%E9%83%BD%E5%9C%B0%E9%93%81%E6%A1%88%E4%BA%8C%E5%AE%A1%E7%BB%B4%E6%8C%81%E5%8E%9F%E5%88%A4%EF%BC%9A%E4%B8%8D%E6%9E%84%E6%88%90%E8%AF%AC%E9%99%B7""}",2025-09-11T10:17:48.506520,completed,2025-09-11 10:24:52.341000,,,zhimo
68c2a1cc2b2b42316a1ec500,290e0feb5ce87ba7225041bc5b81cd5f,1,2025-09-11T10:23:04.795654,"{""title"": ""万能插线板藏安全隐患 早已被禁用"", ""platform"": ""百度热点"", ""url"": ""https://www.baidu.com/s?wd=%E4%B8%87%E8%83%BD%E6%8F%92%E7%BA%BF%E6%9D%BF%E8%97%8F%E5%AE%89%E5%85%A8%E9%9A%90%E6%82%A3%20%E6%97%A9%E5%B7%B2%E8%A2%AB%E7%A6%81%E7%94%A8""}",2025-09-11T10:17:48.506520,completed,2025-09-11 10:24:48.008000,,,zhimo
